"","x"
"1","No"
"2","No"
"3","Yes"
"5","Yes"
"6","No"
"7","No"
"8","No"
"9","No"
"10","No"
"11","No"
"13","Yes"
"14","No"
"16","No"
"17","No"
"18","No"
"19","No"
"20","No"
"21","No"
"22","Yes"
"23","No"
"24","Yes"
"25","No"
"26","Yes"
"27","No"
"28","Yes"
"29","Yes"
"30","No"
"31","No"
"32","Yes"
"33","No"
"34","No"
"35","No"
"36","Yes"
"37","No"
"38","No"
"39","No"
"40","No"
"41","No"
"42","No"
"43","No"
"44","No"
"45","Yes"
"46","No"
"47","No"
"48","Yes"
"49","No"
"50","Yes"
"51","No"
"52","No"
"53","No"
"54","No"
"55","Yes"
"56","No"
"57","No"
"58","No"
"59","Yes"
"61","Yes"
"62","No"
"63","Yes"
"64","No"
"65","Yes"
"66","No"
"67","No"
"68","Yes"
"69","No"
"71","Yes"
"72","No"
"73","Yes"
"74","No"
"75","No"
"76","No"
"77","No"
"78","No"
"79","No"
"80","No"
"81","Yes"
"82","No"
"83","No"
"85","Yes"
"86","No"
"87","Yes"
"88","No"
"89","No"
"90","No"
"91","No"
"92","No"
"93","No"
"94","Yes"
"96","Yes"
"97","Yes"
"98","No"
"99","No"
"101","No"
"102","Yes"
"103","No"
"104","No"
"105","No"
"107","No"
"108","No"
"110","No"
"111","Yes"
"112","Yes"
"113","Yes"
"114","No"
"115","No"
"116","No"
"117","No"
"119","No"
"120","No"
"121","No"
"122","No"
"123","No"
"124","No"
"125","No"
"126","No"
"127","No"
"128","No"
"131","No"
"132","Yes"
"133","No"
"134","No"
"135","Yes"
"136","No"
"137","Yes"
"138","No"
"139","No"
"140","No"
"141","No"
"142","No"
"143","No"
"145","No"
"146","No"
"147","No"
"148","No"
"149","No"
"150","No"
"151","No"
"152","No"
"153","No"
"154","No"
"156","Yes"
"157","No"
"158","No"
"159","Yes"
"160","Yes"
"161","No"
"162","No"
"163","No"
"164","No"
"165","No"
"166","No"
"167","No"
"168","No"
"169","Yes"
"170","No"
"171","Yes"
"172","Yes"
"173","No"
"175","No"
"176","Yes"
"177","No"
"178","Yes"
"179","No"
"180","Yes"
"181","Yes"
"182","No"
"183","No"
"184","No"
"185","No"
"186","No"
"187","No"
"188","No"
"189","No"
"190","No"
"191","No"
"192","No"
"193","No"
"194","No"
"195","Yes"
"196","No"
"197","No"
"198","No"
"199","No"
"200","No"
"201","Yes"
"202","Yes"
"204","No"
"205","Yes"
"206","No"
"207","No"
"208","No"
"209","No"
"210","No"
"211","No"
"212","Yes"
"213","Yes"
"214","No"
"216","No"
"217","Yes"
"218","No"
"219","No"
"220","No"
"221","No"
"222","Yes"
"223","No"
"225","No"
"226","No"
"227","No"
"228","No"
"229","Yes"
"230","No"
"231","No"
"232","No"
"233","Yes"
"235","No"
"238","No"
"239","No"
"240","No"
"241","No"
"242","No"
"243","No"
"244","Yes"
"245","No"
"246","No"
"247","No"
"248","No"
"249","Yes"
"250","No"
"252","Yes"
"253","No"
"254","No"
"255","Yes"
"256","No"
"258","No"
"259","No"
"260","No"
"261","No"
"262","Yes"
"263","No"
"264","No"
"266","No"
"267","No"
"269","No"
"270","Yes"
"271","No"
"273","Yes"
"275","Yes"
"276","No"
"277","No"
"278","No"
"279","Yes"
"280","Yes"
"281","No"
"282","No"
"283","Yes"
"284","Yes"
"285","Yes"
"286","No"
"287","No"
"288","No"
"289","Yes"
"291","No"
"292","No"
"293","Yes"
"294","No"
"296","No"
"297","Yes"
"298","Yes"
"299","No"
"300","No"
"301","No"
"302","No"
"303","No"
"304","No"
"305","No"
"306","No"
"307","No"
"308","No"
"309","Yes"
"310","No"
"311","No"
"312","No"
"313","No"
"315","No"
"317","Yes"
"319","No"
"321","No"
"322","No"
"323","No"
"324","No"
"325","No"
"326","No"
"327","No"
"328","No"
"329","Yes"
"330","No"
"331","No"
"332","No"
"333","Yes"
"334","No"
"335","No"
"336","Yes"
"337","Yes"
"338","Yes"
"339","No"
"340","No"
"341","No"
"342","No"
"343","No"
"344","No"
"346","No"
"348","No"
"349","No"
"350","No"
"351","No"
"353","No"
"354","No"
"355","Yes"
"356","Yes"
"357","No"
"358","No"
"359","No"
"360","No"
"361","No"
"362","No"
"363","No"
"365","No"
"366","No"
"367","No"
"368","Yes"
"369","Yes"
"370","No"
"371","No"
"372","No"
"373","Yes"
"374","No"
"375","No"
"376","No"
"378","Yes"
"379","No"
"380","Yes"
"381","No"
"382","No"
"383","No"
"384","No"
"386","Yes"
"387","No"
"388","No"
"389","Yes"
"390","Yes"
"391","Yes"
"392","No"
"393","Yes"
"394","No"
"395","Yes"
"396","No"
"397","No"
"398","Yes"
"400","No"
"401","No"
"402","No"
"403","No"
"404","No"
"405","No"
"406","No"
"408","No"
"409","Yes"
"410","No"
"411","No"
"412","No"
"414","No"
"415","No"
"416","Yes"
"417","No"
"418","No"
"419","Yes"
"420","Yes"
"421","No"
"422","No"
"423","No"
"426","No"
"427","No"
"428","No"
"429","No"
"430","No"
"431","No"
"432","Yes"
"433","No"
"434","Yes"
"436","No"
"437","Yes"
"438","Yes"
"439","Yes"
"441","No"
"442","No"
"443","No"
"444","Yes"
"445","No"
"446","Yes"
"447","No"
"448","Yes"
"449","Yes"
"450","No"
"451","No"
"452","Yes"
"453","No"
"454","No"
"455","No"
"456","No"
"457","No"
"459","No"
"460","No"
"463","No"
"464","No"
"465","No"
"466","No"
"467","Yes"
"468","No"
"469","No"
"470","No"
"471","No"
"472","No"
"473","No"
"474","No"
"477","No"
"478","No"
"479","Yes"
"480","Yes"
"481","No"
"482","No"
"483","No"
"484","Yes"
"485","No"
"486","No"
"487","No"
"488","No"
"489","No"
"490","No"
"491","No"
"492","No"
"493","No"
"494","No"
"495","No"
"496","No"
"497","Yes"
"498","No"
"499","No"
"500","Yes"
"501","No"
"502","Yes"
"503","No"
"504","No"
"506","No"
"507","No"
"508","No"
"509","No"
"510","No"
"511","No"
"512","No"
"513","No"
"514","No"
"515","No"
"516","No"
"518","Yes"
"519","No"
"520","No"
"521","No"
"522","No"
"523","No"
"524","No"
"525","No"
"526","Yes"
"527","No"
"529","No"
"530","No"
"531","No"
"532","No"
"533","Yes"
"534","No"
"535","No"
"536","No"
"537","No"
"538","No"
"539","No"
"540","No"
"541","No"
"542","Yes"
"544","No"
"545","No"
"546","Yes"
"547","No"
"548","No"
"549","No"
"550","Yes"
"551","Yes"
"552","No"
"553","No"
"554","No"
"555","Yes"
"556","No"
"557","Yes"
"558","No"
"559","No"
"560","No"
"561","Yes"
"562","Yes"
"563","No"
"565","No"
"566","No"
"567","No"
"568","No"
"569","No"
"570","No"
"572","No"
"573","Yes"
"574","No"
"575","Yes"
"576","No"
"578","No"
"579","No"
"580","Yes"
"581","No"
"582","No"
"583","No"
"584","Yes"
"585","No"
"586","No"
"587","No"
"588","No"
"589","Yes"
"590","No"
"591","No"
"592","Yes"
"593","No"
"594","No"
"595","Yes"
"596","No"
"597","No"
"598","No"
"599","No"
"600","No"
"601","No"
"602","Yes"
"603","Yes"
"604","Yes"
"605","No"
"606","No"
"607","No"
"608","No"
"610","Yes"
"611","No"
"612","No"
"613","No"
"614","No"
"616","Yes"
"617","No"
"618","No"
"619","No"
"621","No"
"622","Yes"
"623","No"
"624","No"
"625","No"
"626","No"
"627","No"
"628","No"
"629","No"
"630","Yes"
"631","Yes"
"632","No"
"633","No"
"634","No"
"635","No"
"636","Yes"
"637","No"
"638","Yes"
"639","Yes"
"640","No"
"641","No"
"642","No"
"643","No"
"644","No"
"646","Yes"
"647","No"
"648","No"
"649","No"
"650","No"
"651","No"
"652","No"
"653","No"
"654","No"
"655","No"
"656","No"
"657","Yes"
"658","No"
"659","No"
"660","No"
"661","No"
"662","No"
"663","No"
"664","No"
"665","No"
"666","No"
"667","No"
"668","No"
"669","No"
"670","No"
"671","Yes"
"672","No"
"673","No"
"674","Yes"
"675","No"
"676","No"
"677","No"
"678","No"
"679","No"
"680","No"
"682","Yes"
"683","No"
"684","No"
"685","Yes"
"686","Yes"
"687","No"
"688","No"
"689","No"
"690","No"
"691","No"
"692","No"
"694","No"
"695","Yes"
"697","Yes"
"698","No"
"699","No"
"700","No"
"701","No"
"702","Yes"
"703","No"
"704","No"
"705","No"
"706","No"
"707","No"
"708","No"
"709","No"
"711","No"
"712","Yes"
"713","No"
"714","No"
"715","No"
"716","No"
"717","No"
"718","Yes"
"719","No"
"720","Yes"
"721","Yes"
"724","No"
"725","No"
"726","No"
"727","Yes"
"728","No"
"729","Yes"
"730","No"
"731","No"
"732","No"
"733","No"
"734","No"
"735","No"
"736","No"
"737","No"
"738","No"
"739","No"
"740","Yes"
"741","No"
"742","No"
"743","No"
"744","No"
"745","No"
"746","No"
"747","No"
"748","No"
"749","No"
"751","No"
"752","No"
"753","No"
"754","No"
"755","Yes"
"756","No"
"757","No"
"758","No"
"759","No"
"760","No"
"761","No"
"762","No"
"763","Yes"
"765","No"
"766","No"
"767","Yes"
"768","No"
"769","Yes"
"770","No"
"771","Yes"
"772","No"
"773","No"
"774","Yes"
"775","No"
"776","Yes"
"777","No"
"778","No"
"779","Yes"
"780","Yes"
"781","No"
"782","No"
"784","No"
"785","No"
"786","No"
"787","No"
"788","No"
"789","No"
"790","No"
"791","No"
"793","No"
"794","No"
"796","No"
"797","No"
"798","No"
"799","Yes"
"800","No"
"801","No"
"802","No"
"803","No"
"804","No"
"805","No"
"806","No"
"807","No"
"808","No"
"809","No"
"810","No"
"811","No"
"812","No"
"813","Yes"
"814","Yes"
"816","No"
"817","No"
"820","No"
"821","No"
"823","No"
"824","Yes"
"825","Yes"
"826","No"
"827","No"
"828","No"
"829","No"
"830","No"
"831","No"
"832","No"
"833","Yes"
"834","No"
"835","Yes"
"836","Yes"
"837","No"
"838","No"
"839","No"
"840","No"
"841","No"
"842","No"
"843","No"
"844","No"
"845","No"
"846","No"
"847","No"
"848","Yes"
"849","Yes"
"850","Yes"
"851","No"
"852","No"
"853","No"
"854","Yes"
"855","Yes"
"857","No"
"858","No"
"859","No"
"860","No"
"861","Yes"
"862","Yes"
"863","No"
"864","No"
"865","Yes"
"867","No"
"868","No"
"869","No"
"870","Yes"
"872","Yes"
"873","No"
"874","No"
"875","Yes"
"876","No"
"877","No"
"879","No"
"880","No"
"881","No"
"882","No"
"883","No"
"884","No"
"885","Yes"
"886","No"
"887","No"
"888","No"
"890","No"
"891","No"
"892","Yes"
"893","No"
"894","No"
"895","Yes"
"896","No"
"897","Yes"
"898","No"
"899","No"
"900","No"
"901","Yes"
"902","No"
"903","No"
"904","No"
"905","No"
"906","No"
"907","No"
"909","No"
"910","No"
"911","No"
"912","No"
"913","No"
"914","No"
"915","No"
"916","No"
"917","No"
"918","Yes"
"919","No"
"920","No"
"921","Yes"
"922","No"
"923","No"
"924","No"
"925","No"
"926","No"
"927","Yes"
"928","No"
"929","Yes"
"930","No"
"931","No"
"932","No"
"933","No"
"934","No"
"935","No"
"936","No"
"937","No"
"938","No"
"939","No"
"940","Yes"
"941","No"
"942","No"
"943","No"
"944","No"
"945","Yes"
"946","No"
"947","No"
"948","No"
"949","No"
"950","Yes"
"951","No"
"953","Yes"
"954","No"
"955","No"
"956","No"
"959","No"
"960","No"
"961","No"
"962","No"
"963","No"
"964","No"
"965","No"
"966","No"
"967","No"
"968","No"
"970","No"
"971","No"
"972","No"
"973","No"
"974","Yes"
"975","No"
"976","Yes"
"977","No"
"978","No"
"979","No"
"980","No"
"981","No"
"982","No"
"983","Yes"
"984","Yes"
"985","No"
"986","No"
"987","No"
"988","No"
"989","Yes"
"991","Yes"
"992","No"
"993","Yes"
"994","No"
"995","No"
"996","No"
"997","No"
"998","No"
"999","Yes"
"1000","Yes"
"1001","No"
"1002","Yes"
"1003","Yes"
"1004","No"
"1005","No"
"1006","No"
"1007","Yes"
"1008","No"
"1009","No"
"1011","No"
"1012","No"
"1013","No"
"1014","No"
"1015","No"
"1016","No"
"1017","No"
"1018","Yes"
"1019","No"
"1021","No"
"1022","Yes"
"1023","No"
"1024","No"
"1025","No"
"1026","No"
"1027","No"
"1028","No"
"1029","No"
"1030","No"
"1031","Yes"
"1032","No"
"1033","No"
"1034","Yes"
"1035","Yes"
"1036","Yes"
"1037","Yes"
"1038","No"
"1039","No"
"1040","No"
"1041","No"
"1042","Yes"
"1043","No"
"1044","No"
"1045","No"
"1046","No"
"1047","No"
"1049","No"
"1050","No"
"1051","No"
"1053","No"
"1054","Yes"
"1055","No"
"1056","No"
"1058","No"
"1059","Yes"
"1060","Yes"
"1061","No"
"1062","No"
"1063","No"
"1064","No"
"1065","No"
"1066","No"
"1067","No"
"1068","No"
"1069","Yes"
"1070","No"
"1071","Yes"
"1072","No"
"1074","No"
"1075","No"
"1076","No"
"1077","No"
"1078","No"
"1079","No"
"1080","No"
"1081","Yes"
"1082","No"
"1083","No"
"1084","No"
"1086","No"
"1087","No"
"1088","Yes"
"1089","No"
"1090","No"
"1091","No"
"1092","No"
"1093","No"
"1095","No"
"1097","Yes"
"1099","No"
"1100","No"
"1101","No"
"1102","No"
"1103","No"
"1105","No"
"1107","No"
"1108","No"
"1109","No"
"1110","No"
"1111","No"
"1112","No"
"1113","Yes"
"1114","Yes"
"1115","No"
"1116","No"
"1117","Yes"
"1118","Yes"
"1119","No"
"1120","No"
"1121","No"
"1122","No"
"1124","No"
"1125","No"
"1126","No"
"1127","Yes"
"1128","No"
"1129","No"
"1130","Yes"
"1131","No"
"1132","Yes"
"1133","Yes"
"1134","No"
"1135","No"
"1136","No"
"1137","No"
"1138","No"
"1139","No"
"1140","Yes"
"1141","No"
"1142","No"
"1143","Yes"
"1144","No"
"1145","No"
"1146","Yes"
"1147","No"
"1148","No"
"1149","No"
"1150","No"
"1151","Yes"
"1152","No"
"1153","No"
"1154","No"
"1155","No"
"1156","No"
"1157","No"
"1158","No"
"1159","No"
"1160","Yes"
"1161","No"
"1162","No"
"1163","Yes"
"1164","No"
"1165","No"
"1166","No"
"1167","No"
"1168","No"
"1169","No"
"1170","No"
"1171","No"
"1172","Yes"
"1173","No"
"1174","No"
"1175","No"
"1176","No"
"1177","No"
"1178","No"
"1179","No"
"1180","No"
"1184","No"
"1186","No"
"1188","No"
"1189","Yes"
"1190","No"
"1191","No"
"1192","No"
"1193","No"
"1194","No"
"1195","No"
"1196","No"
"1197","No"
"1198","No"
"1199","No"
"1200","No"
"1201","No"
"1202","No"
"1203","Yes"
"1204","No"
"1205","No"
"1206","No"
"1207","No"
"1208","Yes"
"1209","No"
"1210","No"
"1211","No"
"1212","No"
"1213","No"
"1214","No"
"1215","Yes"
"1216","No"
"1217","No"
"1218","No"
"1219","No"
"1220","No"
"1221","Yes"
"1222","No"
"1223","No"
"1224","Yes"
"1225","No"
"1226","No"
"1227","No"
"1228","No"
"1229","No"
"1230","No"
"1231","No"
"1232","No"
"1233","No"
"1234","No"
"1235","No"
"1236","Yes"
"1237","No"
"1238","No"
"1239","No"
"1240","No"
"1241","No"
"1242","Yes"
"1243","No"
"1244","No"
"1245","No"
"1246","No"
"1247","No"
"1248","No"
"1249","No"
"1250","Yes"
"1251","No"
"1252","No"
"1253","No"
"1254","No"
"1255","No"
"1256","No"
"1258","No"
"1259","No"
"1260","Yes"
"1261","No"
"1262","Yes"
"1263","No"
"1264","Yes"
"1266","No"
"1267","No"
"1268","No"
"1269","No"
"1270","No"
"1271","No"
"1272","Yes"
"1273","No"
"1274","Yes"
"1275","No"
"1276","No"
"1277","No"
"1278","No"
"1279","No"
"1280","No"
"1281","No"
"1282","Yes"
"1283","No"
"1284","No"
"1285","No"
"1286","No"
"1287","No"
"1288","No"
"1289","Yes"
"1290","No"
"1291","No"
"1292","No"
"1293","Yes"
"1294","No"
"1295","No"
"1296","No"
"1297","No"
"1298","No"
"1299","No"
"1300","No"
"1301","No"
"1302","Yes"
"1304","Yes"
"1305","No"
"1306","No"
"1307","No"
"1308","No"
"1309","No"
"1310","No"
"1311","No"
"1312","No"
"1313","No"
"1314","No"
"1315","No"
"1316","No"
"1317","No"
"1318","No"
"1319","Yes"
"1320","No"
"1321","Yes"
"1322","No"
"1324","No"
"1325","Yes"
"1326","No"
"1327","No"
"1328","No"
"1329","No"
"1330","No"
"1331","No"
"1332","No"
"1333","Yes"
"1334","Yes"
"1335","No"
"1336","No"
"1337","No"
"1338","No"
"1339","Yes"
"1340","No"
"1341","No"
"1342","No"
"1343","No"
"1344","No"
"1345","No"
"1346","Yes"
"1348","Yes"
"1349","No"
"1350","No"
"1351","No"
"1352","No"
"1353","No"
"1355","No"
"1356","No"
"1357","No"
"1358","No"
"1359","No"
"1360","Yes"
"1361","Yes"
"1363","Yes"
"1364","Yes"
"1365","No"
"1366","No"
"1367","Yes"
"1368","No"
"1369","No"
"1370","No"
"1371","No"
"1372","No"
"1373","No"
"1374","No"
"1375","No"
"1376","No"
"1377","No"
"1378","Yes"
"1379","No"
"1380","No"
"1381","No"
"1382","Yes"
"1383","No"
"1384","No"
"1385","No"
"1386","Yes"
"1387","No"
"1388","Yes"
"1389","No"
"1390","No"
"1391","No"
"1392","No"
"1393","No"
"1394","No"
"1395","No"
"1396","No"
"1397","No"
"1398","No"
"1399","No"
"1400","No"
"1401","No"
"1402","No"
"1404","No"
"1405","No"
"1406","No"
"1407","No"
"1408","No"
"1409","No"
"1410","No"
"1411","No"
"1412","Yes"
"1413","No"
"1414","Yes"
"1415","No"
"1416","No"
"1417","Yes"
"1419","Yes"
"1420","No"
"1421","No"
"1422","No"
"1423","No"
"1424","No"
"1425","No"
"1426","Yes"
"1427","No"
"1428","No"
"1429","No"
"1430","No"
"1431","Yes"
"1432","No"
"1434","No"
"1435","No"
"1436","No"
"1437","No"
"1439","No"
"1440","No"
"1441","Yes"
"1442","Yes"
"1443","No"
"1444","Yes"
"1445","No"
"1446","Yes"
"1447","No"
"1448","No"
"1449","No"
"1451","Yes"
"1452","No"
"1453","No"
"1454","Yes"
"1455","No"
"1456","No"
"1457","No"
"1458","No"
"1459","Yes"
"1460","No"
"1461","No"
"1462","No"
"1463","No"
"1464","No"
"1465","No"
"1466","No"
"1468","No"
"1469","No"
"1470","Yes"
"1471","No"
"1472","No"
"1473","No"
"1474","No"
"1475","No"
"1476","No"
"1477","No"
"1478","No"
"1479","No"
"1480","No"
"1481","No"
"1482","No"
"1483","No"
"1484","No"
"1485","Yes"
"1486","No"
"1487","Yes"
"1488","Yes"
"1489","No"
"1490","No"
"1491","No"
"1492","No"
"1493","No"
"1494","No"
"1495","No"
"1496","Yes"
"1497","No"
"1499","Yes"
"1500","No"
"1501","No"
"1502","No"
"1503","Yes"
"1505","No"
"1506","No"
"1507","No"
"1508","No"
"1509","No"
"1510","No"
"1511","Yes"
"1512","Yes"
"1513","No"
"1514","No"
"1515","No"
"1516","No"
"1517","No"
"1518","Yes"
"1519","No"
"1520","No"
"1521","No"
"1522","No"
"1523","No"
"1524","No"
"1525","No"
"1526","No"
"1528","No"
"1530","No"
"1531","No"
"1532","Yes"
"1533","Yes"
"1534","Yes"
"1535","No"
"1537","No"
"1538","No"
"1539","Yes"
"1540","No"
"1541","No"
"1542","No"
"1543","No"
"1544","Yes"
"1545","No"
"1546","No"
"1547","No"
"1548","Yes"
"1549","No"
"1550","No"
"1551","No"
"1552","No"
"1553","No"
"1554","No"
"1555","No"
"1556","No"
"1557","Yes"
"1558","No"
"1559","No"
"1560","Yes"
"1561","No"
"1562","No"
"1563","No"
"1564","No"
"1565","No"
"1566","No"
"1567","Yes"
"1568","No"
"1569","No"
"1570","No"
"1571","No"
"1572","Yes"
"1573","No"
"1574","No"
"1575","No"
"1576","No"
"1577","No"
"1578","No"
"1579","No"
"1580","No"
"1581","Yes"
"1583","No"
"1585","No"
"1586","Yes"
"1587","No"
"1588","No"
"1589","Yes"
"1590","No"
"1591","Yes"
"1592","No"
"1593","No"
"1594","Yes"
"1595","No"
"1596","Yes"
"1597","No"
"1598","Yes"
"1599","Yes"
"1600","No"
"1601","No"
"1603","No"
"1604","Yes"
"1605","No"
"1606","Yes"
"1607","Yes"
"1608","Yes"
"1609","Yes"
"1610","No"
"1611","No"
"1612","No"
"1613","No"
"1614","No"
"1615","No"
"1616","Yes"
"1617","No"
"1618","No"
"1619","No"
"1620","No"
"1621","No"
"1622","No"
"1623","No"
"1624","Yes"
"1625","No"
"1626","No"
"1627","No"
"1628","No"
"1629","Yes"
"1630","No"
"1631","No"
"1632","Yes"
"1633","Yes"
"1634","No"
"1635","Yes"
"1636","No"
"1637","No"
"1638","Yes"
"1639","No"
"1640","Yes"
"1641","No"
"1642","Yes"
"1643","No"
"1644","No"
"1645","No"
"1646","No"
"1647","No"
"1648","No"
"1649","Yes"
"1650","No"
"1651","No"
"1652","No"
"1653","No"
"1654","No"
"1655","No"
"1656","No"
"1657","No"
"1659","No"
"1661","No"
"1662","No"
"1663","No"
"1664","No"
"1665","No"
"1666","No"
"1667","No"
"1668","No"
"1669","No"
"1670","Yes"
"1671","No"
"1672","No"
"1673","No"
"1674","No"
"1675","Yes"
"1676","No"
"1677","No"
"1678","Yes"
"1679","No"
"1681","No"
"1682","Yes"
"1683","Yes"
"1684","Yes"
"1685","No"
"1686","No"
"1687","No"
"1689","No"
"1690","No"
"1691","No"
"1692","No"
"1693","No"
"1694","No"
"1695","No"
"1696","No"
"1697","No"
"1698","No"
"1699","Yes"
"1700","Yes"
"1701","No"
"1702","No"
"1703","No"
"1704","Yes"
"1705","No"
"1706","No"
"1707","No"
"1708","Yes"
"1709","No"
"1710","No"
"1711","No"
"1712","No"
"1713","No"
"1714","Yes"
"1715","Yes"
"1716","No"
"1717","No"
"1719","No"
"1720","No"
"1721","No"
"1722","No"
"1723","Yes"
"1724","No"
"1725","Yes"
"1726","No"
"1727","No"
"1728","No"
"1729","No"
"1730","No"
"1731","No"
"1732","No"
"1733","No"
"1734","No"
"1735","No"
"1736","No"
"1737","No"
"1738","No"
"1739","Yes"
"1740","Yes"
"1741","Yes"
"1742","Yes"
"1743","No"
"1744","No"
"1745","No"
"1746","No"
"1747","No"
"1748","No"
"1749","No"
"1750","No"
"1751","No"
"1752","No"
"1753","No"
"1754","No"
"1755","No"
"1756","No"
"1757","Yes"
"1758","No"
"1759","No"
"1760","Yes"
"1761","No"
"1762","No"
"1763","No"
"1764","No"
"1765","No"
"1766","No"
"1768","No"
"1769","Yes"
"1770","No"
"1771","Yes"
"1772","Yes"
"1773","Yes"
"1774","No"
"1775","No"
"1776","No"
"1777","No"
"1778","No"
"1779","No"
"1780","No"
"1782","No"
"1783","No"
"1784","No"
"1785","No"
"1786","No"
"1787","No"
"1788","No"
"1790","No"
"1791","No"
"1792","Yes"
"1793","No"
"1794","Yes"
"1795","Yes"
"1796","No"
"1797","No"
"1799","No"
"1800","No"
"1801","No"
"1802","No"
"1803","No"
"1805","No"
"1806","No"
"1808","Yes"
"1809","No"
"1810","No"
"1811","No"
"1812","No"
"1815","No"
"1816","Yes"
"1817","Yes"
"1818","No"
"1819","No"
"1820","No"
"1821","Yes"
"1822","No"
"1823","No"
"1824","No"
"1825","Yes"
"1826","Yes"
"1827","No"
"1828","No"
"1829","Yes"
"1830","Yes"
"1832","No"
"1833","No"
"1834","No"
"1835","No"
"1836","No"
"1837","No"
"1838","Yes"
"1839","No"
"1840","No"
"1841","Yes"
"1842","Yes"
"1843","No"
"1844","No"
"1845","No"
"1846","No"
"1847","No"
"1849","No"
"1850","No"
"1851","No"
"1854","No"
"1857","No"
"1859","No"
"1860","No"
"1861","No"
"1862","No"
"1863","No"
"1864","Yes"
"1865","No"
"1866","No"
"1867","No"
"1868","Yes"
"1869","Yes"
"1870","Yes"
"1871","Yes"
"1872","No"
"1874","No"
"1875","No"
"1876","No"
"1877","Yes"
"1878","No"
"1879","No"
"1880","No"
"1881","No"
"1882","No"
"1883","Yes"
"1884","Yes"
"1885","No"
"1886","No"
"1887","Yes"
"1888","No"
"1889","No"
"1891","No"
"1892","No"
"1893","No"
"1894","No"
"1895","Yes"
"1896","No"
"1897","No"
"1898","No"
"1899","Yes"
"1900","No"
"1901","No"
"1902","No"
"1903","No"
"1904","No"
"1905","No"
"1907","No"
"1908","No"
"1909","No"
"1910","No"
"1911","No"
"1912","No"
"1913","No"
"1914","No"
"1915","No"
"1916","No"
"1917","No"
"1918","No"
"1919","No"
"1920","Yes"
"1921","No"
"1922","No"
"1923","No"
"1924","No"
"1925","No"
"1926","No"
"1927","No"
"1928","No"
"1929","No"
"1930","No"
"1931","No"
"1932","No"
"1933","No"
"1934","No"
"1936","No"
"1937","No"
"1939","No"
"1940","No"
"1941","Yes"
"1942","No"
"1943","No"
"1944","No"
"1945","Yes"
"1946","No"
"1947","No"
"1948","No"
"1949","No"
"1950","No"
"1951","No"
"1952","No"
"1953","No"
"1954","No"
"1955","No"
"1956","No"
"1957","No"
"1958","No"
"1959","Yes"
"1960","No"
"1961","No"
"1962","No"
"1963","Yes"
"1964","No"
"1965","No"
"1966","No"
"1967","No"
"1968","No"
"1969","No"
"1970","No"
"1971","Yes"
"1972","No"
"1973","No"
"1974","No"
"1975","No"
"1976","No"
"1977","No"
"1978","No"
"1979","Yes"
"1980","No"
"1981","Yes"
"1982","No"
"1983","No"
"1984","No"
"1985","Yes"
"1986","No"
"1987","No"
"1988","No"
"1989","No"
"1990","No"
"1991","Yes"
"1993","No"
"1994","No"
"1995","No"
"1996","No"
"1997","Yes"
"1998","No"
"1999","No"
"2000","No"
"2001","No"
"2002","No"
"2003","No"
"2004","Yes"
"2005","No"
"2006","Yes"
"2007","No"
"2008","No"
"2009","Yes"
"2010","Yes"
"2011","No"
"2012","No"
"2013","No"
"2015","No"
"2016","No"
"2017","Yes"
"2018","No"
"2019","Yes"
"2020","No"
"2021","No"
"2023","No"
"2024","No"
"2025","No"
"2026","No"
"2028","No"
"2029","No"
"2030","No"
"2031","No"
"2032","Yes"
"2033","No"
"2034","Yes"
"2035","No"
"2036","No"
"2037","No"
"2038","No"
"2040","No"
"2041","No"
"2042","No"
"2044","Yes"
"2045","No"
"2046","Yes"
"2047","No"
"2048","No"
"2049","No"
"2052","No"
"2053","No"
"2054","No"
"2055","No"
"2056","No"
"2057","No"
"2058","No"
"2059","No"
"2060","No"
"2061","Yes"
"2062","No"
"2063","No"
"2064","No"
"2065","No"
"2066","No"
"2067","Yes"
"2068","No"
"2069","No"
"2070","No"
"2071","No"
"2072","No"
"2073","No"
"2074","No"
"2075","No"
"2076","Yes"
"2078","No"
"2079","No"
"2080","No"
"2081","No"
"2082","No"
"2083","No"
"2084","Yes"
"2085","Yes"
"2086","No"
"2087","Yes"
"2088","No"
"2089","No"
"2090","No"
"2091","No"
"2092","No"
"2093","No"
"2094","No"
"2095","No"
"2096","No"
"2097","Yes"
"2098","Yes"
"2099","No"
"2100","Yes"
"2101","No"
"2102","No"
"2104","No"
"2105","No"
"2106","No"
"2107","No"
"2108","Yes"
"2109","No"
"2110","Yes"
"2111","No"
"2112","Yes"
"2113","No"
"2114","Yes"
"2115","Yes"
"2116","No"
"2117","Yes"
"2118","No"
"2119","No"
"2120","No"
"2121","No"
"2122","No"
"2123","No"
"2124","No"
"2125","No"
"2126","No"
"2127","No"
"2128","Yes"
"2129","No"
"2130","No"
"2131","No"
"2132","No"
"2134","No"
"2135","No"
"2136","No"
"2137","Yes"
"2138","No"
"2139","No"
"2140","Yes"
"2142","No"
"2143","No"
"2144","No"
"2145","No"
"2146","No"
"2147","No"
"2148","No"
"2149","No"
"2150","No"
"2151","Yes"
"2152","No"
"2153","Yes"
"2154","No"
"2155","No"
"2156","Yes"
"2157","Yes"
"2158","No"
"2159","No"
"2160","No"
"2162","No"
"2163","No"
"2164","No"
"2165","Yes"
"2166","No"
"2167","Yes"
"2168","No"
"2169","No"
"2170","No"
"2171","No"
"2172","No"
"2173","No"
"2174","No"
"2176","No"
"2177","No"
"2178","No"
"2179","Yes"
"2180","No"
"2181","No"
"2182","No"
"2183","No"
"2184","No"
"2185","No"
"2187","No"
"2188","Yes"
"2189","No"
"2190","No"
"2191","Yes"
"2192","No"
"2193","No"
"2194","No"
"2197","No"
"2198","No"
"2199","No"
"2200","No"
"2201","Yes"
"2202","No"
"2204","No"
"2205","No"
"2206","No"
"2207","No"
"2208","No"
"2209","No"
"2210","No"
"2211","No"
"2212","No"
"2213","No"
"2214","No"
"2215","No"
"2216","No"
"2217","No"
"2218","Yes"
"2220","No"
"2221","No"
"2222","Yes"
"2223","Yes"
"2224","No"
"2225","No"
"2226","No"
"2227","Yes"
"2228","No"
"2230","No"
"2231","No"
"2232","No"
"2233","Yes"
"2234","Yes"
"2235","No"
"2236","No"
"2237","Yes"
"2238","No"
"2239","No"
"2240","Yes"
"2241","No"
"2242","No"
"2244","No"
"2245","No"
"2246","No"
"2247","No"
"2248","Yes"
"2249","No"
"2250","No"
"2251","No"
"2252","Yes"
"2253","Yes"
"2254","No"
"2255","No"
"2256","No"
"2258","No"
"2259","No"
"2260","No"
"2261","No"
"2262","No"
"2263","Yes"
"2264","No"
"2265","No"
"2266","No"
"2267","No"
"2268","No"
"2269","No"
"2270","No"
"2271","No"
"2272","Yes"
"2273","No"
"2274","No"
"2275","No"
"2276","No"
"2277","No"
"2278","No"
"2279","No"
"2280","No"
"2281","No"
"2283","No"
"2284","No"
"2285","Yes"
"2286","No"
"2287","No"
"2288","No"
"2289","Yes"
"2290","No"
"2292","No"
"2293","No"
"2294","No"
"2295","Yes"
"2296","Yes"
"2297","Yes"
"2298","No"
"2299","No"
"2300","No"
"2301","No"
"2302","No"
"2303","No"
"2305","No"
"2306","No"
"2307","No"
"2308","No"
"2309","No"
"2310","No"
"2312","No"
"2313","No"
"2314","No"
"2315","No"
"2316","No"
"2317","No"
"2318","No"
"2319","No"
"2320","No"
"2321","No"
"2322","No"
"2323","Yes"
"2324","No"
"2325","No"
"2327","No"
"2329","No"
"2330","No"
"2331","Yes"
"2333","No"
"2334","No"
"2335","Yes"
"2336","No"
"2337","No"
"2338","No"
"2339","No"
"2340","No"
"2341","No"
"2342","No"
"2343","Yes"
"2344","No"
"2345","No"
"2346","No"
"2347","No"
"2348","No"
"2349","No"
"2350","No"
"2351","No"
"2352","No"
"2353","No"
"2354","No"
"2355","No"
"2356","No"
"2357","No"
"2358","No"
"2359","Yes"
"2360","No"
"2361","No"
"2362","No"
"2363","No"
"2364","No"
"2365","Yes"
"2366","No"
"2367","No"
"2368","No"
"2369","Yes"
"2371","No"
"2372","No"
"2373","No"
"2375","No"
"2376","Yes"
"2377","No"
"2378","No"
"2379","No"
"2380","No"
"2381","No"
"2382","No"
"2383","No"
"2384","No"
"2387","Yes"
"2389","Yes"
"2390","No"
"2391","No"
"2392","No"
"2393","No"
"2394","No"
"2395","No"
"2396","No"
"2397","Yes"
"2398","No"
"2399","No"
"2400","No"
"2401","Yes"
"2403","No"
"2404","No"
"2405","Yes"
"2406","Yes"
"2407","No"
"2408","No"
"2409","No"
"2410","No"
"2411","Yes"
"2412","No"
"2413","No"
"2414","No"
"2415","No"
"2416","No"
"2417","No"
"2418","Yes"
"2419","No"
"2420","No"
"2421","No"
"2422","No"
"2423","No"
"2424","No"
"2425","No"
"2426","Yes"
"2427","No"
"2428","No"
"2429","No"
"2430","No"
"2431","No"
"2432","Yes"
"2433","Yes"
"2434","Yes"
"2435","No"
"2436","No"
"2437","No"
"2438","No"
"2439","No"
"2441","Yes"
"2442","No"
"2443","No"
"2444","No"
"2445","No"
"2446","No"
"2447","No"
"2448","No"
"2449","Yes"
"2450","No"
"2451","No"
"2452","No"
"2453","No"
"2455","No"
"2457","No"
"2459","No"
"2460","No"
"2461","No"
"2462","No"
"2463","No"
"2464","Yes"
"2465","No"
"2466","No"
"2467","No"
"2468","No"
"2469","Yes"
"2470","No"
"2471","No"
"2472","No"
"2474","No"
"2475","Yes"
"2476","No"
"2477","No"
"2478","No"
"2479","Yes"
"2480","No"
"2481","No"
"2482","No"
"2483","No"
"2484","No"
"2485","Yes"
"2486","No"
"2487","No"
"2488","No"
"2489","No"
"2490","No"
"2491","Yes"
"2492","No"
"2493","No"
"2494","No"
"2495","No"
"2496","No"
"2497","No"
"2498","No"
"2499","No"
"2500","Yes"
"2501","Yes"
"2502","No"
"2503","No"
"2504","Yes"
"2505","Yes"
"2506","No"
"2507","No"
"2509","Yes"
"2510","Yes"
"2511","No"
"2512","Yes"
"2513","Yes"
"2514","Yes"
"2515","No"
"2516","No"
"2517","No"
"2518","No"
"2519","No"
"2520","No"
"2521","No"
"2522","No"
"2523","No"
"2524","No"
"2525","No"
"2526","No"
"2527","No"
"2528","No"
"2529","Yes"
"2530","Yes"
"2532","No"
"2533","No"
"2534","Yes"
"2535","Yes"
"2536","No"
"2537","No"
"2538","No"
"2539","No"
"2540","Yes"
"2541","Yes"
"2542","No"
"2543","Yes"
"2544","No"
"2545","Yes"
"2546","No"
"2547","Yes"
"2548","No"
"2549","No"
"2550","No"
"2551","Yes"
"2552","No"
"2553","No"
"2554","No"
"2555","No"
"2557","No"
"2558","No"
"2559","No"
"2560","No"
"2561","Yes"
"2562","No"
"2564","No"
"2565","No"
"2566","Yes"
"2567","Yes"
"2568","No"
"2569","No"
"2570","No"
"2571","No"
"2572","No"
"2573","No"
"2574","No"
"2575","No"
"2576","No"
"2577","No"
"2578","No"
"2579","Yes"
"2580","No"
"2581","No"
"2582","No"
"2583","No"
"2584","No"
"2585","No"
"2586","No"
"2587","No"
"2588","Yes"
"2589","No"
"2590","No"
"2591","No"
"2592","No"
"2593","No"
"2594","Yes"
"2596","No"
"2597","No"
"2598","No"
"2600","No"
"2601","Yes"
"2602","No"
"2603","No"
"2604","No"
"2605","No"
"2606","No"
"2607","No"
"2608","No"
"2609","No"
"2610","No"
"2612","No"
"2613","No"
"2614","No"
"2615","Yes"
"2616","No"
"2617","No"
"2618","No"
"2619","Yes"
"2620","No"
"2621","No"
"2622","No"
"2623","No"
"2624","No"
"2625","No"
"2626","No"
"2627","No"
"2628","Yes"
"2629","No"
"2630","No"
"2631","No"
"2632","No"
"2633","No"
"2634","No"
"2635","Yes"
"2636","No"
"2637","No"
"2638","Yes"
"2639","No"
"2640","No"
"2641","Yes"
"2642","No"
"2643","Yes"
"2644","No"
"2645","No"
"2646","Yes"
"2647","Yes"
"2648","No"
"2651","No"
"2652","No"
"2653","No"
"2654","No"
"2655","No"
"2656","No"
"2657","No"
"2658","No"
"2659","No"
"2660","No"
"2661","No"
"2663","No"
"2664","Yes"
"2665","Yes"
"2666","No"
"2667","Yes"
"2668","Yes"
"2669","No"
"2670","No"
"2671","No"
"2672","No"
"2673","No"
"2674","No"
"2675","No"
"2676","No"
"2677","No"
"2678","No"
"2681","Yes"
"2682","No"
"2683","No"
"2684","No"
"2685","No"
"2686","No"
"2688","No"
"2689","Yes"
"2690","Yes"
"2691","Yes"
"2692","No"
"2693","No"
"2694","No"
"2695","No"
"2696","No"
"2697","No"
"2698","No"
"2699","No"
"2700","No"
"2701","No"
"2702","No"
"2703","Yes"
"2704","No"
"2705","Yes"
"2706","Yes"
"2707","No"
"2708","No"
"2709","No"
"2710","No"
"2711","No"
"2712","No"
"2713","Yes"
"2714","No"
"2715","No"
"2716","No"
"2717","Yes"
"2718","No"
"2719","No"
"2720","No"
"2721","No"
"2722","No"
"2723","No"
"2724","No"
"2725","No"
"2726","No"
"2727","No"
"2728","Yes"
"2729","No"
"2730","Yes"
"2731","No"
"2732","Yes"
"2733","No"
"2734","No"
"2735","Yes"
"2736","No"
"2737","No"
"2738","Yes"
"2739","No"
"2740","No"
"2741","No"
"2742","Yes"
"2743","No"
"2744","No"
"2745","Yes"
"2746","Yes"
"2747","Yes"
"2748","No"
"2749","No"
"2750","No"
"2751","Yes"
"2752","No"
"2753","No"
"2754","No"
"2755","No"
"2756","No"
"2757","No"
"2758","No"
"2759","No"
"2760","No"
"2761","No"
"2762","No"
"2763","Yes"
"2765","No"
"2766","Yes"
"2767","No"
"2768","No"
"2769","No"
"2770","No"
"2771","Yes"
"2772","No"
"2773","Yes"
"2774","No"
"2775","No"
"2776","No"
"2778","No"
"2779","No"
"2780","No"
"2781","No"
"2782","No"
"2784","Yes"
"2785","No"
"2786","No"
"2787","No"
"2788","No"
"2789","Yes"
"2790","No"
"2791","Yes"
"2792","No"
"2793","No"
"2795","No"
"2796","Yes"
"2797","No"
"2798","Yes"
"2799","Yes"
"2800","No"
"2801","No"
"2803","No"
"2805","No"
"2806","No"
"2807","No"
"2808","No"
"2809","No"
"2810","No"
"2811","No"
"2812","No"
"2813","Yes"
"2814","No"
"2815","Yes"
"2816","No"
"2817","Yes"
"2818","No"
"2819","No"
"2820","No"
"2821","No"
"2822","No"
"2823","No"
"2824","No"
"2825","No"
"2826","No"
"2827","No"
"2828","No"
"2829","Yes"
"2830","No"
"2831","Yes"
"2832","No"
"2833","Yes"
"2835","No"
"2836","No"
"2837","No"
"2838","No"
"2839","No"
"2840","No"
"2841","Yes"
"2842","No"
"2843","No"
"2844","No"
"2845","No"
"2846","No"
"2847","No"
"2848","No"
"2849","No"
"2850","No"
"2851","No"
"2853","No"
"2854","No"
"2855","Yes"
"2856","Yes"
"2857","No"
"2858","Yes"
"2859","Yes"
"2860","No"
"2861","No"
"2862","No"
"2863","No"
"2864","No"
"2865","No"
"2866","No"
"2867","No"
"2868","No"
"2869","No"
"2870","Yes"
"2871","Yes"
"2872","No"
"2873","Yes"
"2874","No"
"2875","No"
"2876","No"
"2877","Yes"
"2878","Yes"
"2879","No"
"2880","No"
"2881","Yes"
"2882","No"
"2883","No"
"2884","No"
"2885","No"
"2886","No"
"2887","No"
"2888","No"
"2889","No"
"2890","Yes"
"2891","No"
"2893","Yes"
"2894","No"
"2895","No"
"2896","No"
"2897","No"
"2898","No"
"2899","No"
"2900","Yes"
"2901","No"
"2902","No"
"2903","Yes"
"2904","Yes"
"2905","No"
"2906","No"
"2907","No"
"2908","No"
"2909","Yes"
"2910","No"
"2911","Yes"
"2912","No"
"2913","No"
"2914","No"
"2915","No"
"2916","No"
"2917","No"
"2918","No"
"2919","No"
"2920","No"
"2921","No"
"2922","No"
"2923","Yes"
"2924","No"
"2925","Yes"
"2926","No"
"2927","No"
"2929","No"
"2930","No"
"2931","No"
"2934","Yes"
"2935","No"
"2936","No"
"2937","No"
"2938","No"
"2939","No"
"2940","Yes"
"2941","No"
"2942","No"
"2943","No"
"2944","Yes"
"2945","No"
"2946","No"
"2947","No"
"2948","No"
"2949","No"
"2950","No"
"2951","No"
"2952","No"
"2953","No"
"2954","No"
"2955","No"
"2956","No"
"2957","No"
"2958","No"
"2959","No"
"2960","No"
"2961","No"
"2962","Yes"
"2963","No"
"2964","No"
"2965","No"
"2966","No"
"2967","Yes"
"2968","Yes"
"2969","No"
"2970","No"
"2971","No"
"2972","No"
"2973","No"
"2974","Yes"
"2975","No"
"2976","No"
"2977","No"
"2978","No"
"2979","No"
"2980","No"
"2982","Yes"
"2983","No"
"2984","No"
"2985","No"
"2986","No"
"2987","No"
"2988","Yes"
"2990","Yes"
"2991","Yes"
"2992","Yes"
"2993","Yes"
"2994","Yes"
"2995","Yes"
"2996","No"
"2997","No"
"2998","Yes"
"2999","No"
"3000","No"
"3001","No"
"3002","Yes"
"3003","No"
"3004","No"
"3005","No"
"3006","No"
"3007","No"
"3009","Yes"
"3010","Yes"
"3012","No"
"3014","Yes"
"3015","No"
"3016","No"
"3017","No"
"3018","No"
"3021","Yes"
"3022","Yes"
"3023","Yes"
"3024","No"
"3025","No"
"3026","No"
"3027","No"
"3028","Yes"
"3029","No"
"3030","No"
"3031","No"
"3032","Yes"
"3033","No"
"3034","No"
"3035","Yes"
"3036","Yes"
"3037","No"
"3038","Yes"
"3039","No"
"3040","No"
"3041","Yes"
"3042","Yes"
"3043","Yes"
"3044","No"
"3045","No"
"3046","No"
"3047","No"
"3048","No"
"3049","No"
"3050","Yes"
"3051","Yes"
"3052","No"
"3053","No"
"3055","No"
"3056","No"
"3057","No"
"3058","No"
"3060","Yes"
"3061","No"
"3062","No"
"3063","No"
"3064","Yes"
"3065","Yes"
"3066","No"
"3067","No"
"3068","No"
"3069","No"
"3070","No"
"3071","No"
"3072","No"
"3073","Yes"
"3074","Yes"
"3075","No"
"3076","Yes"
"3077","No"
"3078","No"
"3079","No"
"3080","No"
"3081","Yes"
"3082","Yes"
"3083","No"
"3084","No"
"3085","Yes"
"3086","Yes"
"3087","Yes"
"3088","No"
"3089","No"
"3090","No"
"3091","No"
"3092","No"
"3093","No"
"3094","No"
"3095","No"
"3096","Yes"
"3097","No"
"3098","No"
"3099","No"
"3100","No"
"3102","No"
"3103","No"
"3104","No"
"3105","Yes"
"3106","No"
"3107","Yes"
"3108","No"
"3109","No"
"3110","Yes"
"3111","No"
"3112","Yes"
"3113","No"
"3114","No"
"3115","No"
"3116","Yes"
"3118","No"
"3119","No"
"3120","Yes"
"3121","No"
"3122","No"
"3123","No"
"3124","No"
"3125","No"
"3126","No"
"3127","No"
"3128","No"
"3129","No"
"3130","Yes"
"3131","No"
"3132","No"
"3134","No"
"3135","Yes"
"3136","No"
"3137","Yes"
"3139","No"
"3140","No"
"3141","No"
"3142","No"
"3143","No"
"3144","No"
"3145","No"
"3146","Yes"
"3147","No"
"3148","Yes"
"3149","No"
"3150","No"
"3151","No"
"3152","No"
"3153","No"
"3155","No"
"3156","No"
"3157","No"
"3158","No"
"3159","No"
"3161","No"
"3162","No"
"3163","No"
"3164","No"
"3165","Yes"
"3166","No"
"3168","No"
"3169","No"
"3171","No"
"3172","Yes"
"3173","No"
"3174","No"
"3175","No"
"3176","No"
"3177","No"
"3178","Yes"
"3179","Yes"
"3180","Yes"
"3181","No"
"3182","No"
"3183","No"
"3184","No"
"3185","Yes"
"3186","No"
"3187","No"
"3188","No"
"3190","No"
"3191","Yes"
"3192","No"
"3193","No"
"3194","Yes"
"3195","Yes"
"3196","Yes"
"3197","No"
"3198","No"
"3199","No"
"3200","Yes"
"3201","No"
"3202","No"
"3203","No"
"3204","No"
"3205","No"
"3206","No"
"3207","No"
"3208","No"
"3209","No"
"3210","Yes"
"3211","No"
"3212","No"
"3213","Yes"
"3214","No"
"3215","No"
"3216","No"
"3217","No"
"3218","No"
"3219","Yes"
"3220","No"
"3221","No"
"3222","No"
"3223","No"
"3224","No"
"3225","Yes"
"3226","Yes"
"3227","No"
"3229","Yes"
"3231","Yes"
"3232","No"
"3233","No"
"3234","Yes"
"3235","No"
"3236","No"
"3237","No"
"3238","No"
"3239","Yes"
"3240","No"
"3241","No"
"3242","Yes"
"3243","No"
"3244","No"
"3245","No"
"3246","No"
"3247","No"
"3248","No"
"3249","No"
"3250","Yes"
"3251","Yes"
"3252","No"
"3253","No"
"3254","Yes"
"3255","No"
"3256","No"
"3257","Yes"
"3259","No"
"3260","No"
"3261","No"
"3262","Yes"
"3264","No"
"3265","No"
"3266","No"
"3267","No"
"3268","No"
"3269","No"
"3270","No"
"3271","No"
"3272","Yes"
"3274","No"
"3275","No"
"3276","Yes"
"3277","No"
"3278","No"
"3280","No"
"3281","No"
"3283","No"
"3284","Yes"
"3285","Yes"
"3287","No"
"3288","No"
"3289","No"
"3290","No"
"3291","No"
"3292","No"
"3293","Yes"
"3294","Yes"
"3295","No"
"3296","No"
"3297","Yes"
"3298","No"
"3299","No"
"3300","No"
"3302","No"
"3303","No"
"3304","No"
"3306","No"
"3307","No"
"3308","No"
"3309","No"
"3310","No"
"3311","No"
"3312","No"
"3313","No"
"3314","No"
"3315","No"
"3316","No"
"3317","Yes"
"3318","No"
"3319","No"
"3320","No"
"3321","No"
"3322","No"
"3323","No"
"3324","No"
"3325","Yes"
"3326","No"
"3327","No"
"3328","No"
"3329","Yes"
"3330","No"
"3331","No"
"3332","No"
"3333","Yes"
"3334","No"
"3336","No"
"3337","Yes"
"3339","No"
"3340","No"
"3341","Yes"
"3343","No"
"3344","No"
"3346","Yes"
"3347","No"
"3348","No"
"3349","No"
"3350","No"
"3351","No"
"3352","No"
"3353","No"
"3354","No"
"3355","No"
"3356","No"
"3357","No"
"3358","No"
"3359","No"
"3360","Yes"
"3361","No"
"3362","No"
"3363","No"
"3364","No"
"3365","No"
"3366","No"
"3367","No"
"3368","No"
"3369","No"
"3370","No"
"3371","No"
"3372","No"
"3373","No"
"3374","No"
"3375","No"
"3377","Yes"
"3378","No"
"3379","Yes"
"3380","No"
"3382","No"
"3383","No"
"3384","No"
"3385","No"
"3386","No"
"3387","No"
"3388","No"
"3389","No"
"3390","No"
"3391","No"
"3392","No"
"3393","No"
"3394","No"
"3395","Yes"
"3396","Yes"
"3397","No"
"3398","No"
"3399","Yes"
"3400","No"
"3401","Yes"
"3402","No"
"3403","Yes"
"3404","Yes"
"3405","No"
"3406","No"
"3407","Yes"
"3408","No"
"3409","No"
"3410","No"
"3411","No"
"3412","No"
"3413","No"
"3414","No"
"3415","No"
"3416","No"
"3417","No"
"3418","No"
"3419","No"
"3420","No"
"3421","No"
"3422","No"
"3423","Yes"
"3424","No"
"3425","No"
"3426","Yes"
"3427","No"
"3428","No"
"3430","Yes"
"3431","No"
"3432","Yes"
"3433","Yes"
"3434","Yes"
"3435","Yes"
"3436","No"
"3438","No"
"3439","No"
"3442","No"
"3443","No"
"3444","No"
"3445","No"
"3446","No"
"3447","No"
"3448","No"
"3449","Yes"
"3451","Yes"
"3452","No"
"3453","No"
"3454","No"
"3455","Yes"
"3456","No"
"3457","No"
"3458","No"
"3459","No"
"3460","No"
"3461","No"
"3462","No"
"3463","No"
"3464","No"
"3465","Yes"
"3466","Yes"
"3467","Yes"
"3468","No"
"3469","No"
"3470","Yes"
"3471","No"
"3472","No"
"3474","No"
"3475","No"
"3476","No"
"3477","No"
"3478","No"
"3479","No"
"3480","No"
"3481","No"
"3482","No"
"3483","Yes"
"3484","No"
"3485","No"
"3486","No"
"3487","Yes"
"3488","No"
"3490","No"
"3491","No"
"3492","No"
"3493","Yes"
"3494","No"
"3495","No"
"3496","Yes"
"3497","No"
"3498","Yes"
"3499","Yes"
"3500","No"
"3501","No"
"3503","No"
"3504","No"
"3505","No"
"3506","No"
"3507","No"
"3509","No"
"3510","Yes"
"3511","Yes"
"3512","No"
"3513","No"
"3514","Yes"
"3515","No"
"3516","No"
"3517","Yes"
"3518","No"
"3519","No"
"3520","No"
"3521","No"
"3522","Yes"
"3523","No"
"3524","No"
"3525","No"
"3526","No"
"3527","No"
"3528","No"
"3529","No"
"3530","Yes"
"3531","No"
"3532","No"
"3533","Yes"
"3534","No"
"3535","No"
"3536","No"
"3538","Yes"
"3539","No"
"3540","No"
"3541","No"
"3543","Yes"
"3544","No"
"3545","No"
"3546","Yes"
"3547","No"
"3548","No"
"3549","No"
"3550","No"
"3551","No"
"3552","No"
"3553","No"
"3554","Yes"
"3556","No"
"3559","No"
"3560","No"
"3561","No"
"3562","Yes"
"3563","Yes"
"3564","No"
"3565","Yes"
"3566","No"
"3567","No"
"3568","No"
"3569","Yes"
"3571","No"
"3574","Yes"
"3575","Yes"
"3576","No"
"3577","Yes"
"3578","No"
"3579","Yes"
"3580","No"
"3581","No"
"3582","No"
"3583","Yes"
"3584","No"
"3586","No"
"3587","No"
"3588","No"
"3589","No"
"3590","No"
"3591","No"
"3592","Yes"
"3593","No"
"3594","No"
"3595","No"
"3596","No"
"3597","No"
"3598","No"
"3599","No"
"3600","No"
"3602","Yes"
"3604","No"
"3605","Yes"
"3606","No"
"3607","No"
"3608","No"
"3609","No"
"3610","Yes"
"3611","Yes"
"3613","No"
"3614","No"
"3615","Yes"
"3616","No"
"3617","No"
"3618","No"
"3619","No"
"3620","No"
"3621","No"
"3622","No"
"3624","No"
"3625","No"
"3626","No"
"3627","No"
"3628","No"
"3629","No"
"3630","No"
"3631","No"
"3632","No"
"3633","No"
"3634","Yes"
"3635","Yes"
"3636","Yes"
"3637","No"
"3638","No"
"3639","No"
"3640","No"
"3641","No"
"3642","No"
"3643","Yes"
"3644","No"
"3645","Yes"
"3646","Yes"
"3647","No"
"3648","No"
"3649","Yes"
"3650","No"
"3651","No"
"3652","No"
"3653","No"
"3654","No"
"3655","No"
"3656","No"
"3657","No"
"3658","No"
"3659","No"
"3660","No"
"3662","No"
"3663","No"
"3664","Yes"
"3665","No"
"3666","No"
"3667","No"
"3668","No"
"3669","No"
"3671","No"
"3672","Yes"
"3673","Yes"
"3674","No"
"3675","Yes"
"3676","No"
"3677","No"
"3678","No"
"3679","No"
"3680","Yes"
"3681","No"
"3682","Yes"
"3683","No"
"3684","No"
"3685","Yes"
"3687","No"
"3688","No"
"3689","No"
"3690","No"
"3692","No"
"3693","No"
"3694","No"
"3695","No"
"3696","No"
"3697","No"
"3698","No"
"3699","No"
"3700","No"
"3702","No"
"3703","No"
"3704","No"
"3705","No"
"3707","No"
"3708","Yes"
"3709","Yes"
"3710","No"
"3711","Yes"
"3712","Yes"
"3713","No"
"3714","No"
"3716","No"
"3717","No"
"3718","No"
"3719","No"
"3720","Yes"
"3721","Yes"
"3722","Yes"
"3723","Yes"
"3725","No"
"3726","No"
"3727","No"
"3728","No"
"3729","No"
"3730","Yes"
"3732","No"
"3733","No"
"3734","Yes"
"3735","No"
"3737","No"
"3738","No"
"3739","No"
"3740","No"
"3741","No"
"3742","No"
"3743","No"
"3744","No"
"3745","No"
"3746","No"
"3747","No"
"3748","No"
"3750","No"
"3751","Yes"
"3752","No"
"3753","No"
"3754","No"
"3756","No"
"3757","No"
"3758","No"
"3759","No"
"3760","Yes"
"3761","No"
"3762","Yes"
"3763","No"
"3764","No"
"3765","No"
"3766","No"
"3767","No"
"3768","No"
"3769","No"
"3770","No"
"3771","Yes"
"3772","No"
"3773","No"
"3774","No"
"3775","No"
"3776","No"
"3777","No"
"3778","No"
"3779","Yes"
"3780","No"
"3781","No"
"3782","No"
"3783","No"
"3784","No"
"3785","No"
"3786","Yes"
"3787","No"
"3788","No"
"3789","No"
"3790","No"
"3791","No"
"3792","No"
"3793","No"
"3794","Yes"
"3795","No"
"3796","No"
"3797","No"
"3798","No"
"3799","Yes"
"3800","No"
"3801","No"
"3802","Yes"
"3803","No"
"3804","No"
"3805","No"
"3806","No"
"3807","No"
"3808","No"
"3809","Yes"
"3810","Yes"
"3811","No"
"3812","No"
"3813","No"
"3814","No"
"3815","No"
"3816","Yes"
"3817","No"
"3818","No"
"3819","No"
"3820","No"
"3821","No"
"3823","No"
"3824","No"
"3825","No"
"3826","No"
"3827","Yes"
"3828","Yes"
"3829","No"
"3830","No"
"3831","No"
"3832","No"
"3833","No"
"3834","No"
"3835","Yes"
"3836","Yes"
"3837","No"
"3838","No"
"3839","No"
"3840","Yes"
"3841","Yes"
"3843","Yes"
"3844","No"
"3845","No"
"3846","No"
"3847","Yes"
"3848","No"
"3849","No"
"3851","No"
"3852","No"
"3853","No"
"3854","No"
"3855","No"
"3856","No"
"3857","No"
"3858","No"
"3859","No"
"3860","No"
"3861","No"
"3862","Yes"
"3863","No"
"3864","No"
"3865","No"
"3866","No"
"3868","Yes"
"3869","No"
"3870","Yes"
"3871","No"
"3872","No"
"3873","No"
"3874","No"
"3875","No"
"3876","Yes"
"3877","Yes"
"3878","Yes"
"3879","No"
"3880","No"
"3881","No"
"3882","No"
"3883","No"
"3884","No"
"3885","No"
"3886","Yes"
"3887","No"
"3889","No"
"3890","Yes"
"3892","Yes"
"3893","No"
"3894","No"
"3895","No"
"3896","Yes"
"3897","No"
"3898","No"
"3899","No"
"3900","Yes"
"3901","No"
"3902","Yes"
"3903","No"
"3904","No"
"3905","No"
"3906","Yes"
"3907","No"
"3908","No"
"3909","No"
"3910","Yes"
"3911","No"
"3912","No"
"3913","No"
"3914","No"
"3915","No"
"3916","No"
"3917","No"
"3918","Yes"
"3920","No"
"3921","Yes"
"3922","No"
"3923","No"
"3924","Yes"
"3925","Yes"
"3926","No"
"3927","No"
"3928","No"
"3929","Yes"
"3930","No"
"3931","No"
"3932","No"
"3933","No"
"3934","No"
"3935","No"
"3936","No"
"3937","No"
"3938","No"
"3939","Yes"
"3941","No"
"3942","No"
"3943","No"
"3944","No"
"3945","No"
"3946","No"
"3947","No"
"3948","No"
"3949","No"
"3950","No"
"3951","No"
"3952","No"
"3953","No"
"3954","No"
"3955","No"
"3957","No"
"3959","No"
"3960","No"
"3961","No"
"3962","No"
"3963","No"
"3964","No"
"3965","Yes"
"3966","No"
"3967","No"
"3968","Yes"
"3969","No"
"3970","No"
"3971","No"
"3972","No"
"3973","No"
"3974","Yes"
"3975","No"
"3976","No"
"3977","No"
"3979","No"
"3980","No"
"3981","Yes"
"3982","No"
"3984","No"
"3985","No"
"3986","Yes"
"3987","No"
"3988","No"
"3989","No"
"3990","No"
"3991","Yes"
"3992","No"
"3993","No"
"3994","No"
"3995","No"
"3996","No"
"3997","Yes"
"3998","No"
"3999","No"
"4000","No"
"4001","No"
"4002","No"
"4003","No"
"4004","No"
"4005","No"
"4006","Yes"
"4007","No"
"4008","Yes"
"4009","No"
"4010","No"
"4011","Yes"
"4012","No"
"4014","Yes"
"4015","No"
"4016","Yes"
"4018","Yes"
"4019","Yes"
"4020","No"
"4021","No"
"4022","No"
"4023","Yes"
"4024","Yes"
"4025","No"
"4026","No"
"4027","No"
"4028","No"
"4029","No"
"4030","No"
"4031","No"
"4032","No"
"4033","No"
"4034","No"
"4035","No"
"4036","No"
"4037","No"
"4038","Yes"
"4039","No"
"4041","No"
"4043","No"
"4044","Yes"
"4046","No"
"4047","Yes"
"4048","No"
"4049","No"
"4050","No"
"4051","No"
"4052","No"
"4053","No"
"4054","No"
"4055","No"
"4056","No"
"4057","No"
"4058","Yes"
"4060","No"
"4062","No"
"4063","Yes"
"4064","No"
"4065","No"
"4066","No"
"4067","Yes"
"4068","Yes"
"4069","No"
"4070","No"
"4071","No"
"4072","No"
"4073","No"
"4074","No"
"4076","No"
"4077","Yes"
"4078","Yes"
"4079","No"
"4080","No"
"4081","No"
"4082","No"
"4083","No"
"4084","Yes"
"4085","No"
"4086","No"
"4087","No"
"4088","Yes"
"4089","Yes"
"4090","No"
"4091","Yes"
"4092","No"
"4093","No"
"4095","No"
"4096","No"
"4097","No"
"4098","No"
"4099","Yes"
"4100","No"
"4101","Yes"
"4102","No"
"4103","No"
"4104","No"
"4105","No"
"4106","No"
"4107","Yes"
"4108","No"
"4109","No"
"4110","No"
"4111","No"
"4112","No"
"4113","No"
"4114","No"
"4115","No"
"4116","Yes"
"4118","No"
"4120","No"
"4121","Yes"
"4122","No"
"4123","No"
"4124","No"
"4125","No"
"4126","No"
"4127","Yes"
"4128","No"
"4129","No"
"4130","No"
"4131","No"
"4132","No"
"4133","No"
"4134","Yes"
"4135","No"
"4136","Yes"
"4137","No"
"4139","No"
"4140","No"
"4141","Yes"
"4142","Yes"
"4143","No"
"4144","No"
"4145","No"
"4146","Yes"
"4147","No"
"4148","Yes"
"4149","Yes"
"4150","No"
"4151","No"
"4152","No"
"4153","No"
"4154","No"
"4155","No"
"4156","No"
"4157","No"
"4158","No"
"4159","No"
"4160","Yes"
"4161","Yes"
"4162","Yes"
"4163","Yes"
"4164","No"
"4165","Yes"
"4166","Yes"
"4169","No"
"4170","No"
"4171","No"
"4172","Yes"
"4173","No"
"4174","Yes"
"4175","Yes"
"4176","No"
"4177","No"
"4178","No"
"4179","No"
"4180","Yes"
"4181","Yes"
"4182","No"
"4183","No"
"4184","No"
"4185","Yes"
"4186","Yes"
"4187","No"
"4189","No"
"4190","No"
"4191","No"
"4192","No"
"4193","Yes"
"4194","Yes"
"4195","No"
"4196","No"
"4197","No"
"4198","No"
"4200","No"
"4201","No"
"4202","No"
"4203","No"
"4204","No"
"4205","Yes"
"4206","No"
"4207","No"
"4208","Yes"
"4209","No"
"4210","Yes"
"4211","No"
"4212","No"
"4213","No"
"4214","No"
"4215","No"
"4216","No"
"4217","No"
"4218","No"
"4222","Yes"
"4223","No"
"4224","No"
"4225","No"
"4226","Yes"
"4227","No"
"4228","No"
"4229","No"
"4230","No"
"4231","Yes"
"4232","No"
"4233","No"
"4234","No"
"4235","No"
"4237","Yes"
"4238","No"
"4239","No"
"4240","Yes"
"4241","Yes"
"4242","No"
"4244","No"
"4246","No"
"4247","Yes"
"4248","No"
"4249","No"
"4251","No"
"4252","No"
"4253","No"
"4254","No"
"4255","No"
"4256","Yes"
"4258","No"
"4260","No"
"4261","Yes"
"4262","No"
"4263","No"
"4264","No"
"4265","No"
"4266","No"
"4267","No"
"4268","No"
"4269","Yes"
"4270","Yes"
"4271","No"
"4272","No"
"4273","No"
"4274","No"
"4275","No"
"4276","No"
"4277","Yes"
"4278","No"
"4279","No"
"4280","No"
"4281","No"
"4282","No"
"4283","No"
"4284","No"
"4285","Yes"
"4286","No"
"4287","No"
"4288","No"
"4289","No"
"4291","No"
"4292","Yes"
"4293","No"
"4294","No"
"4295","No"
"4296","Yes"
"4297","No"
"4298","Yes"
"4299","No"
"4300","No"
"4301","Yes"
"4302","No"
"4304","No"
"4305","No"
"4306","No"
"4307","No"
"4308","No"
"4309","No"
"4310","No"
"4311","No"
"4312","No"
"4313","Yes"
"4314","Yes"
"4315","No"
"4316","No"
"4317","No"
"4318","No"
"4319","No"
"4320","No"
"4321","No"
"4322","No"
"4323","No"
"4324","No"
"4325","Yes"
"4326","No"
"4327","No"
"4328","No"
"4329","No"
"4330","No"
"4331","Yes"
"4332","No"
"4334","No"
"4335","Yes"
"4336","No"
"4337","No"
"4338","No"
"4339","No"
"4340","No"
"4341","No"
"4342","Yes"
"4343","No"
"4344","Yes"
"4345","No"
"4347","No"
"4348","No"
"4349","No"
"4350","No"
"4351","No"
"4352","No"
"4353","No"
"4354","No"
"4355","No"
"4356","No"
"4358","No"
"4361","No"
"4362","No"
"4364","No"
"4365","No"
"4366","No"
"4367","No"
"4368","No"
"4369","No"
"4370","No"
"4371","No"
"4372","No"
"4373","No"
"4374","No"
"4375","No"
"4376","No"
"4377","Yes"
"4378","No"
"4379","No"
"4382","No"
"4383","No"
"4384","No"
"4385","No"
"4386","No"
"4387","No"
"4388","Yes"
"4389","No"
"4390","No"
"4391","No"
"4392","No"
"4393","No"
"4394","No"
"4395","No"
"4397","No"
"4398","No"
"4399","No"
"4400","No"
"4402","No"
"4403","No"
"4404","Yes"
"4405","Yes"
"4406","No"
"4407","No"
"4408","No"
"4409","No"
"4410","No"
"4411","No"
"4412","No"
"4413","No"
"4414","No"
"4415","Yes"
"4416","No"
"4417","No"
"4418","No"
"4419","Yes"
"4420","No"
"4421","Yes"
"4423","No"
"4424","No"
"4425","No"
"4426","No"
"4427","No"
"4428","No"
"4429","No"
"4430","No"
"4431","Yes"
"4432","Yes"
"4433","No"
"4434","No"
"4435","No"
"4436","No"
"4437","Yes"
"4438","Yes"
"4439","No"
"4440","No"
"4441","Yes"
"4442","Yes"
"4443","No"
"4444","No"
"4445","No"
"4446","No"
"4447","No"
"4448","No"
"4449","No"
"4450","No"
"4451","No"
"4452","No"
"4453","No"
"4454","No"
"4455","No"
"4456","No"
"4457","No"
"4458","No"
"4459","Yes"
"4460","No"
"4461","Yes"
"4462","Yes"
"4463","No"
"4464","Yes"
"4465","Yes"
"4466","No"
"4467","Yes"
"4468","No"
"4469","Yes"
"4470","Yes"
"4471","No"
"4472","No"
"4473","No"
"4474","No"
"4475","No"
"4476","No"
"4477","No"
"4478","No"
"4479","No"
"4480","Yes"
"4482","No"
"4483","No"
"4484","Yes"
"4485","No"
"4486","Yes"
"4487","Yes"
"4488","Yes"
"4489","Yes"
"4490","No"
"4491","No"
"4492","No"
"4493","No"
"4494","No"
"4495","No"
"4497","Yes"
"4498","No"
"4499","No"
"4500","No"
"4501","Yes"
"4502","Yes"
"4503","No"
"4504","No"
"4505","Yes"
"4506","No"
"4507","No"
"4508","No"
"4509","Yes"
"4510","No"
"4511","Yes"
"4512","Yes"
"4513","No"
"4514","Yes"
"4515","No"
"4516","No"
"4517","No"
"4519","Yes"
"4520","No"
"4521","Yes"
"4522","No"
"4523","No"
"4524","No"
"4525","No"
"4526","No"
"4527","No"
"4528","Yes"
"4529","No"
"4530","Yes"
"4531","No"
"4532","No"
"4535","Yes"
"4536","Yes"
"4537","No"
"4538","No"
"4539","No"
"4540","No"
"4541","No"
"4542","No"
"4544","No"
"4545","Yes"
"4547","No"
"4548","No"
"4549","No"
"4550","No"
"4551","Yes"
"4552","No"
"4553","No"
"4554","No"
"4555","No"
"4556","Yes"
"4557","No"
"4558","No"
"4559","No"
"4560","No"
"4561","No"
"4562","No"
"4563","No"
"4564","No"
"4565","No"
"4566","Yes"
"4567","No"
"4568","Yes"
"4569","No"
"4570","No"
"4571","No"
"4572","No"
"4574","Yes"
"4575","No"
"4576","No"
"4577","Yes"
"4578","No"
"4579","No"
"4580","No"
"4582","No"
"4583","No"
"4585","Yes"
"4586","No"
"4587","No"
"4588","Yes"
"4589","No"
"4590","No"
"4591","Yes"
"4592","No"
"4593","No"
"4594","No"
"4595","Yes"
"4596","Yes"
"4597","No"
"4598","No"
"4599","No"
"4600","No"
"4601","No"
"4602","No"
"4603","No"
"4605","No"
"4606","No"
"4607","No"
"4608","No"
"4609","No"
"4610","No"
"4611","No"
"4612","No"
"4613","No"
"4614","No"
"4615","No"
"4616","No"
"4617","No"
"4618","Yes"
"4619","No"
"4620","Yes"
"4621","No"
"4622","Yes"
"4624","Yes"
"4625","No"
"4626","No"
"4627","No"
"4628","Yes"
"4629","No"
"4630","No"
"4631","No"
"4632","Yes"
"4633","Yes"
"4635","No"
"4636","Yes"
"4637","No"
"4638","Yes"
"4639","No"
"4640","No"
"4641","No"
"4642","No"
"4643","No"
"4644","No"
"4645","No"
"4646","No"
"4647","No"
"4648","No"
"4649","No"
"4650","No"
"4651","Yes"
"4652","No"
"4653","No"
"4654","Yes"
"4655","Yes"
"4656","Yes"
"4658","No"
"4659","No"
"4660","No"
"4661","No"
"4663","No"
"4664","No"
"4665","No"
"4666","No"
"4667","No"
"4668","No"
"4669","No"
"4670","No"
"4671","No"
"4672","Yes"
"4673","No"
"4674","No"
"4675","No"
"4676","No"
"4678","No"
"4679","No"
"4680","Yes"
"4681","No"
"4682","Yes"
"4683","Yes"
"4684","Yes"
"4685","No"
"4686","Yes"
"4687","No"
"4688","No"
"4689","No"
"4691","No"
"4692","Yes"
"4693","No"
"4694","Yes"
"4695","No"
"4696","No"
"4697","No"
"4698","Yes"
"4699","Yes"
"4700","No"
"4702","No"
"4703","Yes"
"4704","No"
"4705","Yes"
"4706","No"
"4707","No"
"4708","No"
"4709","No"
"4710","No"
"4711","No"
"4712","No"
"4713","No"
"4714","No"
"4715","No"
"4716","No"
"4717","No"
"4718","No"
"4719","Yes"
"4720","No"
"4721","No"
"4722","Yes"
"4723","No"
"4724","No"
"4725","No"
"4727","No"
"4728","No"
"4730","No"
"4731","No"
"4732","Yes"
"4733","No"
"4734","No"
"4736","No"
"4737","No"
"4738","Yes"
"4739","No"
"4740","No"
"4741","Yes"
"4742","No"
"4743","No"
"4744","No"
"4745","No"
"4746","No"
"4747","No"
"4749","No"
"4750","No"
"4751","No"
"4752","No"
"4753","No"
"4754","No"
"4755","No"
"4757","No"
"4758","No"
"4759","No"
"4760","No"
"4761","No"
"4762","Yes"
"4764","No"
"4765","No"
"4766","Yes"
"4767","No"
"4768","Yes"
"4769","No"
"4770","No"
"4771","No"
"4772","Yes"
"4773","Yes"
"4774","No"
"4775","No"
"4776","No"
"4778","No"
"4779","No"
"4780","No"
"4781","No"
"4783","Yes"
"4784","No"
"4785","No"
"4786","Yes"
"4787","No"
"4788","No"
"4789","No"
"4790","No"
"4791","Yes"
"4792","No"
"4793","No"
"4794","No"
"4795","Yes"
"4796","No"
"4797","Yes"
"4799","No"
"4800","No"
"4801","No"
"4802","No"
"4803","No"
"4804","Yes"
"4805","No"
"4806","No"
"4807","No"
"4808","No"
"4809","No"
"4811","No"
"4813","No"
"4814","No"
"4815","No"
"4816","No"
"4817","No"
"4818","No"
"4819","No"
"4820","No"
"4821","No"
"4822","No"
"4823","No"
"4824","Yes"
"4825","Yes"
"4826","Yes"
"4827","No"
"4828","Yes"
"4829","Yes"
"4830","No"
"4831","No"
"4832","Yes"
"4833","No"
"4834","Yes"
"4835","No"
"4836","No"
"4837","No"
"4838","Yes"
"4839","No"
"4840","No"
"4841","Yes"
"4842","No"
"4843","No"
"4844","No"
"4845","No"
"4846","No"
"4847","No"
"4848","No"
"4849","No"
"4850","No"
"4851","No"
"4853","No"
"4854","No"
"4855","No"
"4856","Yes"
"4857","No"
"4858","No"
"4859","No"
"4860","No"
"4861","No"
"4862","No"
"4863","Yes"
"4864","No"
"4865","Yes"
"4866","No"
"4868","No"
"4869","No"
"4870","No"
"4871","Yes"
"4872","Yes"
"4873","No"
"4874","Yes"
"4875","No"
"4876","No"
"4877","Yes"
"4878","Yes"
"4879","No"
"4880","No"
"4881","No"
"4882","No"
"4883","No"
"4884","Yes"
"4885","No"
"4886","No"
"4887","No"
"4888","No"
"4889","No"
"4890","Yes"
"4891","No"
"4892","No"
"4893","No"
"4894","No"
"4895","No"
"4896","No"
"4897","No"
"4898","No"
"4899","No"
"4900","Yes"
"4901","No"
"4902","No"
"4903","Yes"
"4904","No"
"4905","No"
"4906","Yes"
"4907","No"
"4908","Yes"
"4909","Yes"
"4910","No"
"4911","No"
"4912","No"
"4913","No"
"4914","Yes"
"4916","Yes"
"4917","No"
"4919","Yes"
"4920","No"
"4921","No"
"4922","No"
"4923","No"
"4924","No"
"4925","Yes"
"4926","No"
"4927","No"
"4928","No"
"4929","No"
"4930","No"
"4931","No"
"4934","No"
"4935","No"
"4936","No"
"4937","No"
"4938","Yes"
"4939","Yes"
"4940","No"
"4941","No"
"4942","No"
"4943","No"
"4944","No"
"4945","No"
"4946","Yes"
"4947","No"
"4948","Yes"
"4949","No"
"4951","Yes"
"4953","No"
"4954","No"
"4955","No"
"4956","Yes"
"4958","Yes"
"4959","No"
"4960","Yes"
"4961","Yes"
"4962","No"
"4963","No"
"4964","No"
"4965","No"
"4966","No"
"4967","Yes"
"4968","No"
"4969","Yes"
"4970","Yes"
"4971","No"
"4972","No"
"4973","No"
"4974","No"
"4975","Yes"
"4976","No"
"4977","Yes"
"4978","No"
"4979","No"
"4980","Yes"
"4981","No"
"4982","No"
"4983","No"
"4984","Yes"
"4985","No"
"4986","Yes"
"4987","No"
"4988","No"
"4990","Yes"
"4991","No"
"4992","No"
"4993","No"
"4994","No"
"4995","Yes"
"4996","No"
"4997","No"
"4998","No"
"4999","No"
"5000","Yes"
"5001","No"
"5002","No"
"5003","No"
"5005","No"
"5006","No"
"5007","No"
"5008","No"
"5009","No"
"5010","No"
"5011","No"
"5012","No"
"5013","No"
"5014","No"
"5015","No"
"5016","No"
"5017","Yes"
"5018","No"
"5019","No"
"5020","No"
"5021","No"
"5022","No"
"5023","Yes"
"5024","No"
"5025","No"
"5026","No"
"5027","Yes"
"5029","No"
"5030","No"
"5031","No"
"5032","Yes"
"5033","No"
"5034","No"
"5035","No"
"5036","No"
"5037","No"
"5038","Yes"
"5040","Yes"
"5041","No"
"5042","No"
"5043","No"
"5044","Yes"
"5045","No"
"5046","No"
"5047","No"
"5048","No"
"5049","No"
"5050","Yes"
"5051","No"
"5052","No"
"5053","No"
"5054","No"
"5055","Yes"
"5056","No"
"5057","Yes"
"5058","Yes"
"5059","No"
"5060","No"
"5061","No"
"5062","Yes"
"5063","No"
"5064","No"
"5065","No"
"5066","No"
"5067","Yes"
"5068","No"
"5069","No"
"5070","No"
"5071","No"
"5072","No"
"5073","No"
"5074","No"
"5075","No"
"5076","No"
"5078","No"
"5079","No"
"5080","No"
"5081","No"
"5082","No"
"5083","No"
"5084","Yes"
"5085","No"
"5086","No"
"5087","No"
"5088","No"
"5089","No"
"5090","No"
"5091","No"
"5092","No"
"5093","No"
"5095","No"
"5096","Yes"
"5097","No"
"5098","No"
"5099","No"
"5100","No"
"5101","No"
"5102","Yes"
"5103","Yes"
"5104","No"
"5106","Yes"
"5107","No"
"5108","No"
"5109","No"
"5110","No"
"5111","No"
"5112","No"
"5113","No"
"5114","No"
"5115","Yes"
"5116","No"
"5117","No"
"5119","No"
"5120","No"
"5121","No"
"5122","No"
"5123","No"
"5124","Yes"
"5125","No"
"5126","No"
"5127","No"
"5128","No"
"5129","No"
"5130","No"
"5131","No"
"5132","No"
"5133","No"
"5134","No"
"5135","No"
"5136","Yes"
"5137","No"
"5138","Yes"
"5139","Yes"
"5140","No"
"5141","No"
"5142","Yes"
"5143","No"
"5144","No"
"5145","No"
"5146","Yes"
"5147","No"
"5148","No"
"5149","No"
"5150","No"
"5151","Yes"
"5153","Yes"
"5156","Yes"
"5157","Yes"
"5158","No"
"5159","No"
"5160","No"
"5162","Yes"
"5163","Yes"
"5164","Yes"
"5165","Yes"
"5166","Yes"
"5167","No"
"5168","No"
"5169","No"
"5170","Yes"
"5172","No"
"5173","No"
"5174","No"
"5175","No"
"5176","No"
"5177","No"
"5178","No"
"5179","Yes"
"5180","No"
"5181","No"
"5182","No"
"5183","No"
"5184","No"
"5185","No"
"5186","No"
"5187","No"
"5188","No"
"5189","No"
"5190","No"
"5191","No"
"5192","No"
"5193","No"
"5194","No"
"5196","No"
"5197","No"
"5198","No"
"5199","Yes"
"5200","No"
"5201","No"
"5202","No"
"5203","No"
"5204","No"
"5205","No"
"5206","Yes"
"5208","Yes"
"5209","No"
"5210","No"
"5211","No"
"5213","No"
"5214","Yes"
"5215","No"
"5216","No"
"5217","No"
"5218","Yes"
"5219","No"
"5220","No"
"5221","No"
"5222","No"
"5223","No"
"5224","Yes"
"5225","Yes"
"5226","No"
"5227","No"
"5228","Yes"
"5229","No"
"5230","No"
"5231","No"
"5232","No"
"5233","No"
"5234","No"
"5235","No"
"5236","No"
"5238","No"
"5239","No"
"5240","No"
"5241","No"
"5242","No"
"5243","Yes"
"5244","No"
"5245","No"
"5246","No"
"5247","No"
"5248","Yes"
"5249","No"
"5250","Yes"
"5251","No"
"5252","No"
"5253","Yes"
"5254","No"
"5255","No"
"5256","No"
"5257","No"
"5258","Yes"
"5259","No"
"5260","No"
"5261","No"
"5262","No"
"5263","No"
"5264","No"
"5265","No"
"5267","No"
"5268","No"
"5269","No"
"5270","No"
"5272","No"
"5273","Yes"
"5274","No"
"5276","Yes"
"5277","No"
"5278","No"
"5279","No"
"5280","Yes"
"5281","No"
"5282","No"
"5283","No"
"5284","Yes"
"5286","Yes"
"5287","No"
"5288","No"
"5289","Yes"
"5290","No"
"5291","No"
"5292","Yes"
"5293","No"
"5294","No"
"5295","No"
"5296","Yes"
"5297","No"
"5298","Yes"
"5299","No"
"5300","No"
"5301","No"
"5302","No"
"5303","No"
"5304","No"
"5305","Yes"
"5306","No"
"5307","No"
"5308","No"
"5309","No"
"5310","No"
"5311","No"
"5313","No"
"5314","Yes"
"5315","No"
"5316","No"
"5317","No"
"5318","No"
"5319","Yes"
"5320","No"
"5321","Yes"
"5322","No"
"5323","No"
"5324","Yes"
"5325","No"
"5326","No"
"5327","No"
"5328","No"
"5329","No"
"5330","No"
"5331","No"
"5332","Yes"
"5333","No"
"5334","No"
"5335","Yes"
"5336","No"
"5337","Yes"
"5338","No"
"5339","No"
"5340","No"
"5341","No"
"5342","No"
"5343","No"
"5344","Yes"
"5345","No"
"5346","No"
"5348","No"
"5349","No"
"5350","No"
"5351","No"
"5352","No"
"5353","No"
"5354","No"
"5355","No"
"5356","No"
"5357","No"
"5358","No"
"5359","No"
"5360","No"
"5361","No"
"5362","No"
"5363","No"
"5364","No"
"5366","No"
"5367","No"
"5368","Yes"
"5369","No"
"5370","Yes"
"5371","Yes"
"5373","Yes"
"5374","No"
"5375","No"
"5376","No"
"5377","No"
"5378","Yes"
"5379","No"
"5380","No"
"5381","Yes"
"5382","No"
"5383","No"
"5384","Yes"
"5385","Yes"
"5386","No"
"5387","No"
"5388","No"
"5389","No"
"5390","No"
"5392","Yes"
"5393","No"
"5394","No"
"5395","No"
"5396","No"
"5397","Yes"
"5398","No"
"5400","No"
"5401","No"
"5402","Yes"
"5403","No"
"5404","No"
"5405","No"
"5406","No"
"5407","Yes"
"5408","Yes"
"5409","No"
"5410","No"
"5411","No"
"5412","Yes"
"5414","No"
"5415","No"
"5416","No"
"5417","No"
"5419","Yes"
"5421","No"
"5422","No"
"5423","No"
"5424","No"
"5425","No"
"5426","Yes"
"5427","No"
"5428","No"
"5429","No"
"5430","No"
"5431","No"
"5432","No"
"5433","No"
"5434","No"
"5435","No"
"5436","No"
"5437","No"
"5438","Yes"
"5439","No"
"5440","Yes"
"5441","No"
"5442","No"
"5443","No"
"5444","No"
"5445","Yes"
"5446","No"
"5447","Yes"
"5448","No"
"5450","No"
"5451","No"
"5452","No"
"5453","No"
"5454","Yes"
"5455","No"
"5456","No"
"5457","No"
"5458","No"
"5459","No"
"5460","No"
"5461","No"
"5462","Yes"
"5463","No"
"5464","No"
"5466","Yes"
"5467","No"
"5468","No"
"5469","No"
"5470","No"
"5471","No"
"5473","No"
"5474","Yes"
"5475","No"
"5476","Yes"
"5477","No"
"5478","No"
"5479","No"
"5480","No"
"5481","No"
"5482","No"
"5483","No"
"5484","No"
"5485","No"
"5487","Yes"
"5488","No"
"5489","No"
"5491","No"
"5492","No"
"5493","Yes"
"5494","No"
"5495","No"
"5496","No"
"5497","No"
"5498","Yes"
"5499","No"
"5500","No"
"5501","No"
"5502","Yes"
"5503","No"
"5504","No"
"5505","No"
"5507","No"
"5508","Yes"
"5510","No"
"5511","No"
"5512","No"
"5513","No"
"5514","Yes"
"5515","No"
"5516","No"
"5517","No"
"5518","No"
"5519","No"
"5520","Yes"
"5522","No"
"5523","No"
"5524","No"
"5525","No"
"5526","No"
"5527","No"
"5528","No"
"5529","Yes"
"5530","No"
"5531","Yes"
"5532","No"
"5533","Yes"
"5534","No"
"5535","No"
"5536","No"
"5537","No"
"5538","Yes"
"5539","Yes"
"5540","No"
"5541","No"
"5542","No"
"5543","No"
"5544","No"
"5545","Yes"
"5546","Yes"
"5547","No"
"5548","No"
"5549","No"
"5550","No"
"5551","No"
"5552","No"
"5553","No"
"5555","No"
"5556","Yes"
"5557","Yes"
"5558","Yes"
"5559","No"
"5560","No"
"5561","No"
"5562","No"
"5563","No"
"5564","No"
"5565","No"
"5566","No"
"5567","No"
"5568","Yes"
"5570","No"
"5572","No"
"5573","No"
"5574","No"
"5575","No"
"5576","No"
"5577","No"
"5578","No"
"5579","No"
"5580","Yes"
"5581","Yes"
"5582","No"
"5583","No"
"5584","No"
"5585","No"
"5586","No"
"5587","No"
"5588","Yes"
"5589","No"
"5590","No"
"5591","No"
"5592","No"
"5593","No"
"5594","No"
"5595","No"
"5596","No"
"5597","No"
"5598","No"
"5599","No"
"5600","Yes"
"5601","Yes"
"5602","Yes"
"5603","No"
"5604","No"
"5605","No"
"5606","No"
"5608","No"
"5609","No"
"5610","No"
"5611","Yes"
"5612","No"
"5613","No"
"5614","No"
"5615","No"
"5616","No"
"5617","No"
"5618","No"
"5619","No"
"5620","Yes"
"5621","No"
"5622","Yes"
"5624","No"
"5625","No"
"5626","No"
"5627","Yes"
"5628","No"
"5629","No"
"5630","No"
"5631","No"
"5632","No"
"5633","No"
"5634","No"
"5635","No"
"5636","No"
"5637","No"
"5638","Yes"
"5639","No"
"5640","Yes"
"5641","Yes"
"5642","No"
"5643","Yes"
"5644","No"
"5645","Yes"
"5647","No"
"5648","No"
"5649","No"
"5650","No"
"5651","No"
"5652","Yes"
"5653","No"
"5654","Yes"
"5655","Yes"
"5656","No"
"5657","No"
"5658","No"
"5659","No"
"5660","No"
"5661","Yes"
"5662","No"
"5663","No"
"5664","No"
"5665","No"
"5667","Yes"
"5668","No"
"5669","No"
"5670","No"
"5671","No"
"5672","No"
"5673","Yes"
"5674","No"
"5675","No"
"5677","No"
"5678","No"
"5679","Yes"
"5680","Yes"
"5681","No"
"5682","No"
"5683","No"
"5684","No"
"5685","No"
"5686","Yes"
"5687","No"
"5688","No"
"5689","No"
"5690","No"
"5691","No"
"5692","No"
"5693","Yes"
"5694","No"
"5695","No"
"5696","No"
"5697","No"
"5699","No"
"5700","No"
"5702","No"
"5703","No"
"5704","No"
"5705","No"
"5706","No"
"5707","Yes"
"5708","Yes"
"5709","No"
"5710","No"
"5712","No"
"5713","No"
"5714","No"
"5715","Yes"
"5716","No"
"5717","No"
"5719","Yes"
"5720","No"
"5721","No"
"5722","No"
"5723","No"
"5724","No"
"5725","Yes"
"5726","No"
"5727","Yes"
"5729","No"
"5730","No"
"5731","No"
"5733","No"
"5734","Yes"
"5735","No"
"5736","No"
"5737","No"
"5738","Yes"
"5739","No"
"5740","No"
"5741","No"
"5742","No"
"5743","No"
"5744","No"
"5745","No"
"5747","No"
"5748","No"
"5749","No"
"5750","No"
"5751","Yes"
"5752","Yes"
"5753","No"
"5754","No"
"5755","No"
"5756","Yes"
"5757","No"
"5759","No"
"5760","No"
"5761","Yes"
"5762","No"
"5763","No"
"5764","Yes"
"5765","Yes"
"5766","No"
"5767","No"
"5768","No"
"5769","No"
"5770","No"
"5772","No"
"5773","No"
"5774","No"
"5775","No"
"5776","No"
"5777","No"
"5778","No"
"5779","Yes"
"5780","No"
"5781","Yes"
"5782","No"
"5784","Yes"
"5785","No"
"5787","No"
"5788","No"
"5790","Yes"
"5791","No"
"5792","Yes"
"5794","No"
"5795","No"
"5796","No"
"5797","Yes"
"5798","Yes"
"5799","No"
"5800","No"
"5801","No"
"5802","No"
"5803","No"
"5804","No"
"5805","No"
"5806","No"
"5807","Yes"
"5808","No"
"5809","No"
"5810","No"
"5811","No"
"5812","No"
"5813","No"
"5814","No"
"5815","No"
"5816","Yes"
"5817","No"
"5818","No"
"5819","No"
"5820","Yes"
"5821","No"
"5822","No"
"5823","No"
"5824","No"
"5826","No"
"5827","No"
"5828","Yes"
"5829","No"
"5830","No"
"5831","Yes"
"5832","No"
"5833","No"
"5834","No"
"5835","No"
"5837","No"
"5838","No"
"5839","No"
"5840","No"
"5841","No"
"5842","Yes"
"5843","No"
"5844","Yes"
"5845","Yes"
"5846","Yes"
"5847","No"
"5848","No"
"5849","No"
"5850","No"
"5851","No"
"5852","No"
"5853","No"
"5854","No"
"5856","No"
"5857","No"
"5858","No"
"5859","No"
"5860","No"
"5861","No"
"5862","No"
"5863","No"
"5864","Yes"
"5865","No"
"5866","No"
"5867","Yes"
"5868","No"
"5869","Yes"
"5870","No"
"5871","No"
"5872","No"
"5873","No"
"5874","Yes"
"5875","No"
"5876","No"
"5877","No"
"5878","Yes"
"5879","No"
"5880","No"
"5882","No"
"5883","No"
"5884","Yes"
"5886","Yes"
"5888","No"
"5889","No"
"5890","Yes"
"5891","No"
"5892","No"
"5893","No"
"5894","No"
"5895","No"
"5896","Yes"
"5897","No"
"5898","No"
"5899","Yes"
"5900","No"
"5901","No"
"5902","No"
"5903","No"
"5905","Yes"
"5906","Yes"
"5907","No"
"5908","No"
"5909","No"
"5911","Yes"
"5912","No"
"5913","No"
"5914","No"
"5915","No"
"5917","No"
"5918","No"
"5919","No"
"5920","No"
"5921","Yes"
"5922","Yes"
"5923","Yes"
"5924","Yes"
"5925","Yes"
"5926","Yes"
"5927","No"
"5928","Yes"
"5929","No"
"5930","No"
"5931","Yes"
"5932","No"
"5933","No"
"5934","No"
"5935","No"
"5936","No"
"5937","No"
"5938","No"
"5939","No"
"5940","Yes"
"5941","No"
"5942","No"
"5943","No"
"5944","No"
"5945","Yes"
"5946","No"
"5947","No"
"5949","No"
"5950","Yes"
"5951","No"
"5952","Yes"
"5953","No"
"5954","No"
"5955","No"
"5956","No"
"5957","No"
"5958","Yes"
"5959","No"
"5960","Yes"
"5961","Yes"
"5963","No"
"5964","No"
"5965","No"
"5966","No"
"5967","Yes"
"5969","No"
"5970","No"
"5971","No"
"5972","No"
"5974","No"
"5975","No"
"5976","No"
"5977","No"
"5978","No"
"5979","No"
"5980","No"
"5982","No"
"5983","Yes"
"5984","No"
"5985","Yes"
"5986","Yes"
"5987","No"
"5988","No"
"5989","No"
"5990","No"
"5991","No"
"5992","No"
"5993","Yes"
"5994","No"
"5995","Yes"
"5996","No"
"5997","Yes"
"5998","No"
"5999","No"
"6000","No"
"6001","No"
"6002","Yes"
"6003","Yes"
"6004","Yes"
"6005","No"
"6006","No"
"6007","No"
"6008","Yes"
"6009","No"
"6010","No"
"6011","No"
"6012","No"
"6013","Yes"
"6014","No"
"6015","No"
"6016","No"
"6017","No"
"6018","No"
"6019","No"
"6020","No"
"6021","No"
"6022","No"
"6023","Yes"
"6024","Yes"
"6025","No"
"6026","Yes"
"6027","No"
"6028","Yes"
"6029","No"
"6030","No"
"6032","No"
"6033","No"
"6036","No"
"6037","No"
"6038","No"
"6039","No"
"6040","No"
"6041","No"
"6042","No"
"6043","No"
"6044","Yes"
"6045","No"
"6046","No"
"6047","Yes"
"6048","Yes"
"6049","Yes"
"6050","No"
"6051","No"
"6052","No"
"6053","No"
"6054","No"
"6055","No"
"6056","No"
"6057","No"
"6058","Yes"
"6059","Yes"
"6060","No"
"6061","No"
"6062","No"
"6063","No"
"6064","No"
"6065","Yes"
"6066","No"
"6067","Yes"
"6068","No"
"6069","No"
"6070","No"
"6072","No"
"6073","Yes"
"6074","No"
"6075","No"
"6076","No"
"6077","Yes"
"6078","No"
"6079","No"
"6080","Yes"
"6081","No"
"6082","No"
"6083","No"
"6084","No"
"6085","No"
"6086","No"
"6087","No"
"6088","No"
"6089","Yes"
"6090","No"
"6091","No"
"6093","No"
"6094","No"
"6095","No"
"6096","No"
"6097","No"
"6098","No"
"6099","Yes"
"6100","No"
"6102","No"
"6103","Yes"
"6104","Yes"
"6105","No"
"6106","No"
"6107","No"
"6108","No"
"6109","Yes"
"6110","No"
"6111","No"
"6112","No"
"6113","Yes"
"6114","No"
"6115","Yes"
"6117","No"
"6118","No"
"6120","Yes"
"6121","No"
"6122","No"
"6123","No"
"6124","No"
"6125","Yes"
"6126","Yes"
"6127","No"
"6128","No"
"6129","Yes"
"6130","No"
"6131","No"
"6132","No"
"6133","No"
"6134","Yes"
"6135","No"
"6136","No"
"6138","No"
"6139","No"
"6141","No"
"6142","Yes"
"6143","No"
"6144","No"
"6145","Yes"
"6146","No"
"6147","Yes"
"6148","Yes"
"6149","No"
"6150","Yes"
"6151","No"
"6152","No"
"6153","No"
"6154","Yes"
"6155","No"
"6156","No"
"6157","No"
"6158","No"
"6159","No"
"6160","No"
"6161","No"
"6162","No"
"6163","No"
"6164","Yes"
"6165","No"
"6166","No"
"6167","No"
"6168","No"
"6170","No"
"6171","No"
"6172","No"
"6173","No"
"6174","No"
"6175","No"
"6176","Yes"
"6177","No"
"6178","Yes"
"6179","No"
"6180","No"
"6181","No"
"6182","Yes"
"6183","No"
"6184","Yes"
"6185","No"
"6186","No"
"6187","Yes"
"6188","No"
"6189","No"
"6190","No"
"6191","Yes"
"6192","No"
"6193","Yes"
"6194","No"
"6195","No"
"6196","Yes"
"6197","No"
"6198","Yes"
"6199","No"
"6200","No"
"6201","Yes"
"6202","No"
"6203","No"
"6204","No"
"6205","No"
"6207","No"
"6208","No"
"6209","Yes"
"6210","No"
"6212","Yes"
"6213","No"
"6214","Yes"
"6215","No"
"6216","No"
"6217","Yes"
"6218","No"
"6219","Yes"
"6221","Yes"
"6222","No"
"6223","No"
"6224","No"
"6225","No"
"6226","Yes"
"6227","No"
"6228","No"
"6229","No"
"6230","No"
"6231","Yes"
"6232","No"
"6233","No"
"6234","No"
"6235","No"
"6236","Yes"
"6237","Yes"
"6238","No"
"6239","Yes"
"6240","No"
"6241","Yes"
"6242","No"
"6243","No"
"6244","No"
"6245","No"
"6246","No"
"6247","No"
"6248","No"
"6249","No"
"6250","No"
"6251","No"
"6253","No"
"6254","Yes"
"6255","No"
"6256","No"
"6257","No"
"6258","No"
"6259","No"
"6260","No"
"6261","No"
"6262","No"
"6264","No"
"6265","No"
"6266","No"
"6267","No"
"6268","No"
"6269","No"
"6270","No"
"6271","Yes"
"6272","Yes"
"6273","No"
"6274","No"
"6275","No"
"6276","No"
"6277","Yes"
"6278","Yes"
"6279","No"
"6280","No"
"6281","No"
"6282","No"
"6283","No"
"6284","No"
"6285","No"
"6286","No"
"6287","No"
"6288","No"
"6289","Yes"
"6290","No"
"6291","Yes"
"6292","No"
"6293","Yes"
"6296","Yes"
"6297","No"
"6298","No"
"6299","No"
"6300","Yes"
"6301","No"
"6302","No"
"6303","Yes"
"6304","No"
"6305","Yes"
"6306","Yes"
"6307","No"
"6308","No"
"6309","No"
"6311","No"
"6312","No"
"6313","No"
"6314","No"
"6315","No"
"6316","No"
"6317","No"
"6318","No"
"6319","Yes"
"6320","Yes"
"6321","Yes"
"6322","Yes"
"6323","Yes"
"6324","No"
"6325","No"
"6326","No"
"6327","No"
"6328","No"
"6329","No"
"6330","Yes"
"6331","No"
"6332","No"
"6333","No"
"6334","No"
"6335","No"
"6336","No"
"6337","No"
"6338","No"
"6339","No"
"6340","Yes"
"6341","No"
"6342","No"
"6343","No"
"6344","No"
"6345","No"
"6346","No"
"6347","Yes"
"6348","No"
"6349","Yes"
"6350","No"
"6351","Yes"
"6352","No"
"6353","No"
"6354","Yes"
"6356","No"
"6357","No"
"6358","No"
"6359","No"
"6360","No"
"6361","Yes"
"6363","No"
"6364","Yes"
"6366","No"
"6367","Yes"
"6368","Yes"
"6369","No"
"6370","Yes"
"6371","No"
"6372","Yes"
"6373","Yes"
"6374","Yes"
"6375","No"
"6376","No"
"6378","No"
"6379","Yes"
"6380","No"
"6381","Yes"
"6382","No"
"6383","No"
"6385","No"
"6387","No"
"6388","Yes"
"6389","No"
"6390","Yes"
"6391","No"
"6392","No"
"6393","No"
"6394","No"
"6395","No"
"6396","No"
"6397","No"
"6398","No"
"6399","No"
"6400","No"
"6401","Yes"
"6402","No"
"6403","No"
"6404","Yes"
"6405","Yes"
"6406","No"
"6407","No"
"6408","No"
"6409","Yes"
"6410","No"
"6411","No"
"6412","No"
"6414","Yes"
"6415","No"
"6416","No"
"6417","No"
"6418","No"
"6419","No"
"6420","No"
"6421","No"
"6423","No"
"6424","No"
"6425","No"
"6426","No"
"6427","No"
"6429","No"
"6430","Yes"
"6431","No"
"6432","No"
"6433","Yes"
"6434","Yes"
"6435","No"
"6436","No"
"6437","No"
"6438","No"
"6439","No"
"6440","No"
"6441","No"
"6442","No"
"6443","No"
"6444","No"
"6445","No"
"6446","No"
"6447","No"
"6448","No"
"6449","No"
"6450","No"
"6451","No"
"6452","No"
"6453","No"
"6454","No"
"6455","No"
"6456","Yes"
"6457","No"
"6458","Yes"
"6459","No"
"6460","No"
"6461","No"
"6462","No"
"6463","No"
"6464","No"
"6465","No"
"6466","No"
"6468","No"
"6469","No"
"6470","No"
"6472","No"
"6474","Yes"
"6475","No"
"6476","No"
"6477","Yes"
"6478","Yes"
"6479","No"
"6480","No"
"6481","No"
"6482","Yes"
"6483","No"
"6484","Yes"
"6485","No"
"6487","Yes"
"6488","No"
"6489","No"
"6490","Yes"
"6492","No"
"6493","No"
"6494","Yes"
"6496","Yes"
"6497","No"
"6498","No"
"6499","No"
"6500","No"
"6501","Yes"
"6502","No"
"6503","No"
"6504","No"
"6506","No"
"6507","No"
"6508","No"
"6509","No"
"6510","No"
"6511","No"
"6512","No"
"6513","No"
"6514","No"
"6516","No"
"6517","No"
"6519","No"
"6520","Yes"
"6521","Yes"
"6522","No"
"6523","No"
"6524","Yes"
"6525","No"
"6526","No"
"6527","No"
"6528","Yes"
"6529","No"
"6530","No"
"6531","Yes"
"6532","No"
"6533","Yes"
"6534","No"
"6535","No"
"6536","No"
"6537","No"
"6538","No"
"6539","No"
"6540","No"
"6541","No"
"6542","Yes"
"6543","No"
"6544","No"
"6545","No"
"6546","No"
"6548","No"
"6549","No"
"6550","No"
"6551","Yes"
"6552","No"
"6553","No"
"6554","No"
"6555","Yes"
"6556","Yes"
"6557","No"
"6558","No"
"6559","No"
"6561","No"
"6562","No"
"6563","No"
"6564","No"
"6565","No"
"6566","No"
"6568","No"
"6569","No"
"6570","No"
"6571","No"
"6572","No"
"6573","No"
"6574","No"
"6575","Yes"
"6576","No"
"6577","No"
"6578","No"
"6579","No"
"6580","No"
"6581","No"
"6582","No"
"6583","No"
"6584","Yes"
"6585","No"
"6586","No"
"6587","No"
"6588","No"
"6589","No"
"6590","No"
"6591","No"
"6592","Yes"
"6593","No"
"6594","No"
"6595","No"
"6596","No"
"6598","No"
"6600","No"
"6602","No"
"6603","No"
"6604","No"
"6605","Yes"
"6606","No"
"6607","Yes"
"6608","No"
"6609","No"
"6610","Yes"
"6611","No"
"6612","No"
"6613","No"
"6614","No"
"6615","No"
"6616","No"
"6617","No"
"6618","No"
"6619","No"
"6620","No"
"6621","Yes"
"6622","No"
"6623","No"
"6624","No"
"6625","No"
"6626","No"
"6627","No"
"6628","No"
"6629","No"
"6630","No"
"6631","No"
"6632","No"
"6633","Yes"
"6634","No"
"6635","No"
"6637","No"
"6638","No"
"6639","No"
"6640","No"
"6641","No"
"6642","Yes"
"6643","No"
"6644","Yes"
"6645","No"
"6646","No"
"6647","No"
"6648","No"
"6649","Yes"
"6650","No"
"6652","No"
"6653","No"
"6654","No"
"6655","Yes"
"6656","No"
"6657","No"
"6658","No"
"6659","No"
"6660","No"
"6661","No"
"6662","No"
"6663","Yes"
"6664","Yes"
"6665","No"
"6666","No"
"6668","No"
"6669","No"
"6671","Yes"
"6672","No"
"6673","No"
"6674","No"
"6675","No"
"6676","Yes"
"6677","No"
"6678","Yes"
"6679","No"
"6680","No"
"6681","No"
"6682","No"
"6683","No"
"6684","Yes"
"6685","No"
"6686","No"
"6687","Yes"
"6688","No"
"6689","No"
"6690","No"
"6691","Yes"
"6693","No"
"6694","Yes"
"6695","No"
"6696","No"
"6697","No"
"6698","No"
"6699","No"
"6700","Yes"
"6701","No"
"6703","No"
"6704","No"
"6705","No"
"6706","No"
"6707","Yes"
"6708","Yes"
"6709","No"
"6710","No"
"6711","No"
"6712","No"
"6713","No"
"6714","No"
"6715","Yes"
"6716","Yes"
"6717","No"
"6718","No"
"6719","No"
"6720","No"
"6721","No"
"6722","Yes"
"6723","No"
"6724","No"
"6725","No"
"6726","Yes"
"6727","No"
"6728","Yes"
"6729","Yes"
"6730","No"
"6731","No"
"6732","No"
"6734","Yes"
"6735","No"
"6736","No"
"6737","No"
"6738","Yes"
"6739","No"
"6740","Yes"
"6741","No"
"6742","No"
"6744","No"
"6745","No"
"6746","No"
"6747","No"
"6748","No"
"6749","Yes"
"6750","No"
"6751","Yes"
"6752","No"
"6755","No"
"6756","No"
"6757","No"
"6758","No"
"6759","No"
"6760","No"
"6761","No"
"6762","Yes"
"6763","No"
"6764","No"
"6765","No"
"6766","Yes"
"6767","No"
"6768","Yes"
"6769","No"
"6770","Yes"
"6771","No"
"6772","No"
"6773","No"
"6774","No"
"6775","Yes"
"6777","Yes"
"6778","No"
"6779","No"
"6780","No"
"6781","No"
"6782","No"
"6783","No"
"6784","No"
"6785","No"
"6786","No"
"6787","Yes"
"6788","No"
"6789","No"
"6790","No"
"6791","No"
"6792","No"
"6793","Yes"
"6794","No"
"6795","No"
"6796","No"
"6798","Yes"
"6799","No"
"6800","No"
"6801","No"
"6802","No"
"6803","No"
"6804","No"
"6805","Yes"
"6806","No"
"6807","Yes"
"6808","Yes"
"6809","Yes"
"6810","No"
"6812","Yes"
"6813","No"
"6814","No"
"6815","No"
"6816","No"
"6818","Yes"
"6819","No"
"6820","No"
"6821","No"
"6822","Yes"
"6823","No"
"6824","No"
"6825","No"
"6826","Yes"
"6827","Yes"
"6828","No"
"6829","Yes"
"6830","No"
"6831","No"
"6832","Yes"
"6833","Yes"
"6834","No"
"6835","No"
"6836","Yes"
"6837","No"
"6838","No"
"6839","No"
"6840","No"
"6841","No"
"6843","No"
"6844","No"
"6845","Yes"
"6846","Yes"
"6847","Yes"
"6848","Yes"
"6849","Yes"
"6850","No"
"6851","No"
"6852","No"
"6853","No"
"6854","No"
"6855","Yes"
"6856","Yes"
"6857","No"
"6858","No"
"6860","No"
"6861","No"
"6862","No"
"6864","Yes"
"6865","Yes"
"6866","Yes"
"6868","Yes"
"6870","No"
"6872","No"
"6873","No"
"6874","No"
"6875","Yes"
"6877","Yes"
"6879","Yes"
"6880","No"
"6881","Yes"
"6882","No"
"6883","No"
"6884","Yes"
"6885","Yes"
"6886","Yes"
"6887","No"
"6888","No"
"6889","No"
"6890","No"
"6891","No"
"6892","No"
"6893","No"
"6894","No"
"6895","No"
"6896","Yes"
"6897","No"
"6898","No"
"6899","No"
"6900","No"
"6901","Yes"
"6902","No"
"6903","No"
"6904","Yes"
"6905","No"
"6907","No"
"6908","No"
"6909","No"
"6910","No"
"6911","No"
"6912","No"
"6913","No"
"6914","Yes"
"6915","No"
"6916","No"
"6917","No"
"6918","No"
"6919","Yes"
"6920","No"
"6921","Yes"
"6922","Yes"
"6924","No"
"6925","No"
"6926","No"
"6927","No"
"6928","Yes"
"6929","No"
"6930","No"
"6931","No"
"6932","Yes"
"6933","No"
"6934","No"
"6935","No"
"6936","No"
"6937","No"
"6938","No"
"6939","No"
"6940","No"
"6941","No"
"6942","No"
"6943","No"
"6944","Yes"
"6945","Yes"
"6946","No"
"6947","No"
"6948","No"
"6949","No"
"6950","No"
"6953","No"
"6954","Yes"
"6955","No"
"6956","Yes"
"6957","No"
"6958","Yes"
"6959","Yes"
"6960","No"
"6961","No"
"6962","No"
"6963","No"
"6964","No"
"6965","No"
"6967","No"
"6968","No"
"6969","No"
"6970","No"
"6971","No"
"6972","No"
"6973","No"
"6974","No"
"6975","No"
"6976","No"
"6977","No"
"6978","No"
"6979","No"
"6981","No"
"6982","No"
"6983","No"
"6984","No"
"6985","No"
"6987","Yes"
"6988","No"
"6989","Yes"
"6990","No"
"6991","No"
"6993","No"
"6994","Yes"
"6996","No"
"6997","No"
"6998","No"
"6999","No"
"7000","No"
"7001","No"
"7003","No"
"7004","No"
"7005","No"
"7006","No"
"7007","No"
"7008","No"
"7009","No"
"7010","No"
"7011","No"
"7012","No"
"7013","Yes"
"7014","No"
"7015","No"
"7016","No"
"7017","No"
"7018","Yes"
"7019","No"
"7020","No"
"7021","No"
"7022","No"
"7023","No"
"7024","No"
"7025","No"
"7026","No"
"7027","Yes"
"7028","No"
"7029","No"
"7030","Yes"
"7031","Yes"
"7032","No"
"7033","No"
"7034","No"
"7035","No"
"7036","No"
"7037","No"
"7039","No"
"7040","No"
"7041","No"
"7042","No"
"7043","Yes"
"7044","No"
"7045","No"
"7046","Yes"
"7047","No"
"7048","No"
"7049","No"
"7050","Yes"
"7051","No"
"7052","Yes"
"7053","No"
"7054","No"
"7056","Yes"
"7057","No"
"7058","No"
"7059","No"
"7060","No"
"7061","Yes"
"7062","No"
"7063","No"
"7064","No"
"7065","No"
"7067","No"
"7068","No"
"7069","No"
"7070","No"
"7071","No"
"7072","No"
"7073","No"
"7074","No"
"7075","No"
"7076","No"
"7078","No"
"7079","No"
"7080","No"
"7081","No"
"7082","No"
"7083","Yes"
"7084","No"
"7085","Yes"
"7086","No"
"7087","No"
"7089","No"
"7090","Yes"
"7092","No"
"7093","No"
"7094","No"
"7095","Yes"
"7096","No"
"7097","No"
"7100","No"
"7101","No"
"7102","No"
"7103","Yes"
"7104","No"
"7105","No"
"7106","No"
"7107","No"
"7108","No"
"7110","No"
"7111","No"
"7112","No"
"7113","No"
"7114","No"
"7115","No"
"7116","No"
"7117","No"
"7118","No"
"7119","No"
"7120","No"
"7121","No"
"7123","No"
"7124","No"
"7125","No"
"7126","No"
"7127","No"
"7128","No"
"7129","No"
"7130","No"
"7131","No"
"7132","No"
"7133","No"
"7135","Yes"
"7136","Yes"
"7137","No"
"7138","No"
"7139","No"
"7140","No"
"7141","No"
"7142","No"
"7143","No"
"7145","No"
"7146","Yes"
"7147","No"
"7148","No"
"7149","No"
"7151","Yes"
"7152","No"
"7153","No"
"7154","No"
"7155","No"
"7156","No"
"7157","Yes"
"7158","Yes"
"7159","No"
"7160","No"
"7162","No"
"7163","No"
"7164","Yes"
"7165","No"
"7166","No"
"7167","Yes"
"7168","No"
"7169","Yes"
"7170","No"
"7171","Yes"
"7172","Yes"
"7173","No"
"7174","Yes"
"7177","No"
"7178","No"
"7179","No"
"7180","No"
"7181","No"
"7184","Yes"
"7185","No"
"7186","No"
"7187","Yes"
"7189","Yes"
"7190","Yes"
"7192","No"
"7193","Yes"
"7194","No"
"7195","No"
"7196","No"
"7197","No"
"7198","Yes"
"7199","No"
"7200","No"
"7201","No"
"7202","Yes"
"7203","No"
"7204","No"
"7205","No"
"7206","Yes"
"7207","Yes"
"7208","No"
"7209","Yes"
"7210","Yes"
"7211","No"
"7212","No"
"7213","No"
"7214","No"
"7215","Yes"
"7216","No"
"7217","Yes"
"7219","Yes"
"7220","No"
"7221","Yes"
"7222","No"
"7223","No"
"7224","No"
"7225","No"
"7226","No"
"7227","No"
"7228","Yes"
"7229","No"
"7230","No"
"7231","No"
"7232","No"
"7234","Yes"
"7235","No"
"7236","No"
"7237","No"
"7238","No"
"7239","Yes"
"7240","No"
"7241","No"
"7242","Yes"
"7243","No"
"7244","No"
"7245","No"
"7246","No"
"7247","No"
"7248","No"
"7249","No"
"7250","No"
"7251","Yes"
"7252","Yes"
"7253","No"
"7254","No"
"7255","No"
"7257","No"
"7259","No"
"7260","No"
"7264","No"
"7265","No"
"7266","No"
"7267","No"
"7268","No"
"7269","No"
"7270","No"
"7271","No"
"7272","No"
"7273","No"
"7274","Yes"
"7275","No"
"7276","No"
"7277","No"
"7278","No"
"7279","No"
"7280","No"
"7281","Yes"
"7282","Yes"
"7283","No"
"7284","No"
"7285","No"
"7286","Yes"
"7287","Yes"
"7288","No"
"7290","No"
"7291","Yes"
"7292","No"
"7293","No"
"7295","No"
"7296","Yes"
"7297","No"
"7298","No"
"7299","Yes"
"7300","No"
"7301","No"
"7302","No"
"7303","No"
"7304","No"
"7305","No"
"7306","No"
"7307","No"
"7308","No"
"7309","No"
"7310","No"
"7311","Yes"
"7312","No"
"7314","No"
"7315","Yes"
"7316","No"
"7317","Yes"
"7318","No"
"7319","No"
"7320","No"
"7321","No"
"7322","No"
"7323","No"
"7324","No"
"7325","Yes"
"7326","No"
"7327","No"
"7328","Yes"
"7329","No"
"7330","No"
"7332","No"
"7333","No"
"7335","No"
"7336","No"
"7338","No"
"7339","No"
"7340","No"
"7341","No"
"7342","No"
"7343","Yes"
"7344","Yes"
"7345","No"
"7346","Yes"
"7347","No"
"7348","Yes"
"7349","No"
"7350","No"
"7352","Yes"
"7353","No"
"7354","No"
"7355","No"
"7358","No"
"7359","Yes"
"7360","No"
"7362","No"
"7363","Yes"
"7364","No"
"7365","No"
"7366","No"
"7367","No"
"7368","No"
"7369","Yes"
"7370","No"
"7371","No"
"7372","No"
"7373","No"
"7374","No"
"7375","No"
"7376","No"
"7377","No"
"7378","No"
"7379","Yes"
"7380","No"
"7381","Yes"
"7382","No"
"7384","No"
"7387","No"
"7388","No"
"7389","No"
"7390","No"
"7391","No"
"7392","No"
"7394","No"
"7395","No"
"7396","Yes"
"7397","No"
"7398","No"
"7399","Yes"
"7400","No"
"7401","Yes"
"7402","Yes"
"7403","Yes"
"7404","Yes"
"7405","Yes"
"7406","No"
"7407","No"
"7408","Yes"
"7409","No"
"7410","No"
"7411","No"
"7412","No"
"7413","Yes"
"7414","No"
"7415","No"
"7416","No"
"7417","No"
"7418","No"
"7419","No"
"7420","No"
"7421","No"
"7422","Yes"
"7423","No"
"7425","No"
"7426","Yes"
"7428","No"
"7430","No"
"7431","Yes"
"7432","No"
"7433","No"
"7434","No"
"7435","No"
"7436","Yes"
"7437","Yes"
"7438","No"
"7439","No"
"7440","No"
"7441","No"
"7442","Yes"
"7443","Yes"
"7444","No"
"7445","No"
"7446","No"
"7447","No"
"7448","No"
"7449","Yes"
"7450","No"
"7451","No"
"7452","No"
"7453","No"
"7454","No"
"7455","No"
"7457","Yes"
"7458","No"
"7459","No"
"7460","No"
"7461","No"
"7462","Yes"
"7464","No"
"7465","Yes"
"7466","No"
"7467","No"
"7468","No"
"7469","No"
"7470","No"
"7471","No"
"7472","No"
"7473","No"
"7474","No"
"7475","Yes"
"7476","No"
"7477","No"
"7478","No"
"7479","Yes"
"7480","No"
"7481","Yes"
"7482","Yes"
"7483","No"
"7484","No"
"7485","No"
"7486","Yes"
"7487","No"
"7488","Yes"
"7489","No"
"7490","No"
"7491","No"
"7492","No"
"7493","No"
"7494","No"
"7495","No"
"7496","Yes"
"7497","No"
"7498","No"
"7499","Yes"
"7500","No"
"7501","No"
"7502","Yes"
"7503","Yes"
"7504","No"
"7505","No"
"7506","No"
"7507","No"
"7508","No"
"7509","Yes"
"7510","Yes"
"7511","No"
"7512","No"
"7513","No"
"7514","No"
"7515","No"
"7516","No"
"7517","No"
"7518","No"
"7519","Yes"
"7520","No"
"7521","Yes"
"7522","Yes"
"7523","No"
"7524","No"
"7525","No"
"7526","Yes"
"7527","No"
"7528","No"
"7529","No"
"7530","Yes"
"7531","No"
"7532","No"
"7533","No"
"7534","No"
"7535","No"
"7536","No"
"7537","No"
"7538","No"
"7539","Yes"
"7540","No"
"7541","No"
"7542","No"
"7543","Yes"
"7544","No"
"7545","No"
"7546","No"
"7547","Yes"
"7548","No"
"7549","No"
"7551","Yes"
"7552","Yes"
"7553","No"
"7554","No"
"7556","No"
"7557","No"
"7558","Yes"
"7559","No"
"7560","No"
"7561","No"
